datetime,Close,Pos,Account,AccountCum,Openorder,Closeorder
2012/10/18,1434.0,0.0,0.0,1434.0,0,0
2012/10/19,1434.0,0.0,0.0,1434.0,0,0
2012/10/22,1434.0,0.0,0.0,1434.0,0,0
2012/10/23,1434.0,0.0,0.0,1434.0,0,0
2012/10/24,1434.0,0.0,0.0,1434.0,0,0
2012/10/25,1434.0,0.0,0.0,1434.0,0,0
2012/10/26,1434.0,0.0,0.0,1434.0,0,0
2012/10/29,1434.0,0.0,0.0,1434.0,0,0
2012/10/30,1434.0,0.0,0.0,1434.0,0,0
2012/10/31,1434.0,0.0,0.0,1434.0,0,0
2012/11/1,1434.0,0.0,0.0,1434.0,0,0
2012/11/2,1434.0,0.0,0.0,1434.0,0,0
2012/11/5,1434.0,0.0,0.0,1434.0,0,0
2012/11/6,1434.0,0.0,0.0,1434.0,0,0
2012/11/7,1434.0,0.0,0.0,1434.0,0,0
2012/11/8,1434.0,0.0,0.0,1434.0,0,0
2012/11/9,1434.0,0.0,0.0,1434.0,0,0
2012/11/12,1434.0,0.0,0.0,1434.0,0,0
2012/11/13,1434.0,0.0,0.0,1434.0,0,0
2012/11/14,1434.0,0.0,0.0,1434.0,0,0
2012/11/15,1434.0,0.0,0.0,1434.0,0,0
2012/11/16,1434.0,0.0,0.0,1434.0,0,0
2012/11/19,1570.0,0.0,0.0,1434.0,0,0
2012/11/20,1570.0,0.0,0.0,1434.0,0,0
2012/11/21,1570.0,0.0,0.0,1434.0,0,0
2012/11/22,1570.0,0.0,0.0,1434.0,0,0
2012/11/23,1570.0,0.0,0.0,1434.0,0,0
2012/11/26,1570.0,0.0,0.0,1434.0,0,0
2012/11/27,1570.0,0.0,0.0,1434.0,0,0
2012/11/28,1570.0,0.0,0.0,1434.0,0,0
2012/11/29,1570.0,0.0,0.0,1434.0,0,0
2012/11/30,1570.0,0.0,0.0,1434.0,0,0
2012/12/3,1570.0,0.0,0.0,1434.0,0,0
2012/12/4,1570.0,0.0,0.0,1434.0,0,0
2012/12/5,1570.0,0.0,0.0,1434.0,0,0
2012/12/6,1570.0,0.0,0.0,1434.0,0,0
2012/12/7,1570.0,0.0,0.0,1434.0,0,0
2012/12/10,1570.0,0.0,0.0,1434.0,0,0
2012/12/11,1570.0,0.0,0.0,1434.0,0,0
2012/12/12,1570.0,0.0,0.0,1434.0,0,0
2012/12/13,1570.0,0.0,0.0,1434.0,0,0
2012/12/14,1570.0,0.0,0.0,1434.0,0,0
2012/12/17,1616.0,0.0,0.0,1434.0,0,0
2012/12/18,1618.0,0.0,0.0,1434.0,0,0
2012/12/19,1610.0,0.0,0.0,1434.0,0,0
2012/12/20,1614.0,0.0,0.0,1434.0,0,0
2012/12/21,1609.0,0.0,0.0,1434.0,0,0
2012/12/24,1612.0,0.0,0.0,1434.0,0,0
2012/12/25,1601.0,0.0,0.0,1434.0,0,0
2012/12/26,1593.0,0.0,0.0,1434.0,0,0
2012/12/27,1593.0,0.0,0.0,1434.0,0,0
2012/12/28,1582.0,0.0,0.0,1434.0,0,0
2012/12/31,1559.0,0.0,0.0,1434.0,0,0
2013/1/4,1618.0,0.0,0.0,1434.0,0,0
2013/1/7,1680.0,0.0,0.0,1434.0,0,0
2013/1/8,1680.0,0.0,0.0,1434.0,0,0
2013/1/9,1760.0,0.0,0.0,1434.0,0,0
2013/1/10,1680.0,0.0,0.0,1434.0,0,0
2013/1/11,1685.0,0.0,0.0,1434.0,0,0
2013/1/14,1685.0,0.0,0.0,1434.0,0,0
2013/1/15,1685.0,0.0,0.0,1434.0,0,0
2013/1/16,1600.0,1.0,-80.0,1354.0,"{'Vol': 1, 'Openpos': 1680.0, 'Type': 1, 'Time': '2013/1/16'}","{'Vol': 1, 'Closepos': 1600.0, 'Type': -1, 'Time': '2013/1/16'}"
2013/1/17,1630.0,1.0,45.0,1399.0,"{'Vol': 1, 'Openpos': 1585.0, 'Type': 1, 'Time': '2013/1/17'}","{'Vol': 1, 'Closepos': 1630.0, 'Type': -1, 'Time': '2013/1/17'}"
2013/1/18,1700.0,-1.0,-23.0,1376.0,"{'Vol': 1, 'Openpos': 1677.0, 'Type': -1, 'Time': '2013/1/18'}","{'Vol': 1, 'Closepos': 1700.0, 'Type': 1, 'Time': '2013/1/18'}"
2013/1/21,1700.0,0.0,0.0,1376.0,0,0
2013/1/22,1700.0,0.0,0.0,1376.0,0,0
2013/1/23,1700.0,0.0,0.0,1376.0,0,0
2013/1/24,1639.0,1.0,0.0,1376.0,"{'Vol': 1, 'Openpos': 1639.0, 'Type': 1, 'Time': '2013/1/24'}","{'Vol': 1, 'Closepos': 1639.0, 'Type': -1, 'Time': '2013/1/24'}"
2013/1/25,1639.0,0.0,0.0,1376.0,0,0
2013/1/28,1639.0,-1.0,56.0,1432.0,"{'Vol': 1, 'Openpos': 1695.0, 'Type': -1, 'Time': '2013/1/28'}","{'Vol': 1, 'Closepos': 1639.0, 'Type': 1, 'Time': '2013/1/28'}"
2013/1/29,1639.0,0.0,0.0,1432.0,0,0
2013/1/30,1639.0,0.0,0.0,1432.0,0,0
2013/1/31,1639.0,0.0,0.0,1432.0,0,0
2013/2/1,1639.0,0.0,0.0,1432.0,0,0
2013/2/4,1639.0,0.0,0.0,1432.0,0,0
2013/2/5,1639.0,0.0,0.0,1432.0,0,0
2013/2/6,1639.0,0.0,0.0,1432.0,0,0
2013/2/7,1639.0,0.0,0.0,1432.0,0,0
2013/2/8,1639.0,0.0,0.0,1432.0,0,0
2013/2/18,1639.0,0.0,0.0,1432.0,0,0
2013/2/19,1639.0,0.0,0.0,1432.0,0,0
2013/2/20,1639.0,0.0,0.0,1432.0,0,0
2013/2/21,1639.0,0.0,0.0,1432.0,0,0
2013/2/22,1750.0,-1.0,-32.0,1400.0,"{'Vol': 1, 'Openpos': 1718.0, 'Type': -1, 'Time': '2013/2/22'}","{'Vol': 1, 'Closepos': 1750.0, 'Type': 1, 'Time': '2013/2/22'}"
2013/2/25,1750.0,0.0,0.0,1400.0,0,0
2013/2/26,1722.0,-1.0,106.0,1506.0,"{'Vol': 1, 'Openpos': 1828.0, 'Type': -1, 'Time': '2013/2/26'}","{'Vol': 1, 'Closepos': 1722.0, 'Type': 1, 'Time': '2013/2/26'}"
2013/2/27,1722.0,0.0,0.0,1506.0,0,0
2013/2/28,1811.0,-1.0,-0.0,1506.0,"{'Vol': 1, 'Openpos': 1811.0, 'Type': -1, 'Time': '2013/2/28'}","{'Vol': 1, 'Closepos': 1811.0, 'Type': 1, 'Time': '2013/2/28'}"
2013/3/1,1811.0,0.0,0.0,1506.0,0,0
2013/3/4,1811.0,0.0,0.0,1506.0,0,0
2013/3/5,1811.0,0.0,0.0,1506.0,0,0
2013/3/6,1811.0,0.0,0.0,1506.0,0,0
2013/3/7,1811.0,0.0,0.0,1506.0,0,0
2013/3/8,1811.0,0.0,0.0,1506.0,0,0
2013/3/11,1811.0,0.0,0.0,1506.0,0,0
2013/3/12,1811.0,0.0,0.0,1506.0,0,0
2013/3/13,1811.0,0.0,0.0,1506.0,0,0
2013/3/14,1811.0,0.0,0.0,1506.0,0,0
2013/3/15,1811.0,0.0,0.0,1506.0,0,0
2013/3/18,1811.0,0.0,0.0,1506.0,0,0
2013/3/19,1811.0,0.0,0.0,1506.0,0,0
2013/3/20,1811.0,0.0,0.0,1506.0,0,0
2013/3/21,1629.0,1.0,33.0,1539.0,"{'Vol': 1, 'Openpos': 1596.0, 'Type': 1, 'Time': '2013/3/21'}","{'Vol': 1, 'Closepos': 1629.0, 'Type': -1, 'Time': '2013/3/21'}"
2013/3/22,1629.0,0.0,0.0,1539.0,0,0
2013/3/25,1629.0,0.0,0.0,1539.0,0,0
2013/3/26,1629.0,0.0,0.0,1539.0,0,0
2013/3/27,1629.0,0.0,0.0,1539.0,0,0
2013/3/28,1548.0,1.0,-64.0,1475.0,"{'Vol': 1, 'Openpos': 1612.0, 'Type': 1, 'Time': '2013/3/28'}","{'Vol': 1, 'Closepos': 1548.0, 'Type': -1, 'Time': '2013/3/28'}"
2013/3/29,1548.0,0.0,0.0,1475.0,0,0
2013/4/1,1548.0,0.0,0.0,1475.0,0,0
2013/4/2,1548.0,0.0,0.0,1475.0,0,0
2013/4/3,1548.0,0.0,0.0,1475.0,0,0
2013/4/8,1548.0,0.0,0.0,1475.0,0,0
2013/4/9,1548.0,0.0,0.0,1475.0,0,0
2013/4/10,1548.0,0.0,0.0,1475.0,0,0
2013/4/11,1548.0,0.0,0.0,1475.0,0,0
2013/4/12,1548.0,0.0,0.0,1475.0,0,0
2013/4/15,1548.0,0.0,0.0,1475.0,0,0
2013/4/16,1548.0,0.0,0.0,1475.0,0,0
2013/4/17,1453.0,1.0,-6.0,1469.0,"{'Vol': 1, 'Openpos': 1459.0, 'Type': 1, 'Time': '2013/4/17'}","{'Vol': 1, 'Closepos': 1453.0, 'Type': -1, 'Time': '2013/4/17'}"
2013/4/18,1434.0,1.0,2.0,1471.0,"{'Vol': 1, 'Openpos': 1432.0, 'Type': 1, 'Time': '2013/4/18'}","{'Vol': 1, 'Closepos': 1434.0, 'Type': -1, 'Time': '2013/4/18'}"
2013/4/19,1440.0,-1.0,9.0,1480.0,"{'Vol': 1, 'Openpos': 1449.0, 'Type': -1, 'Time': '2013/4/19'}","{'Vol': 1, 'Closepos': 1440.0, 'Type': 1, 'Time': '2013/4/19'}"
2013/4/22,1443.0,-1.0,13.0,1493.0,"{'Vol': 1, 'Openpos': 1456.0, 'Type': -1, 'Time': '2013/4/22'}","{'Vol': 1, 'Closepos': 1443.0, 'Type': 1, 'Time': '2013/4/22'}"
2013/4/23,1421.0,0.0,0.0,1493.0,0,0
2013/4/24,1423.0,0.0,0.0,1493.0,0,0
2013/4/25,1430.0,0.0,0.0,1493.0,0,0
2013/4/26,1415.0,0.0,0.0,1493.0,0,0
2013/5/2,1401.0,1.0,0.0,1493.0,"{'Vol': 1, 'Openpos': 1401.0, 'Type': 1, 'Time': '2013/5/2'}","{'Vol': 1, 'Closepos': 1401.0, 'Type': -1, 'Time': '2013/5/2'}"
2013/5/3,1431.0,-1.0,-0.0,1493.0,"{'Vol': 1, 'Openpos': 1431.0, 'Type': -1, 'Time': '2013/5/3'}","{'Vol': 1, 'Closepos': 1431.0, 'Type': 1, 'Time': '2013/5/3'}"
2013/5/6,1431.0,0.0,0.0,1493.0,0,0
2013/5/7,1431.0,0.0,0.0,1493.0,0,0
2013/5/8,1431.0,0.0,0.0,1493.0,0,0
2013/5/9,1431.0,0.0,0.0,1493.0,0,0
2013/5/10,1431.0,0.0,0.0,1493.0,0,0
2013/5/13,1431.0,0.0,0.0,1493.0,0,0
2013/5/14,1537.0,-1.0,-0.0,1493.0,"{'Vol': 1, 'Openpos': 1537.0, 'Type': -1, 'Time': '2013/5/14'}","{'Vol': 1, 'Closepos': 1537.0, 'Type': 1, 'Time': '2013/5/14'}"
2013/5/15,1445.0,1.0,0.0,1493.0,"{'Vol': 1, 'Openpos': 1445.0, 'Type': 1, 'Time': '2013/5/15'}","{'Vol': 1, 'Closepos': 1445.0, 'Type': -1, 'Time': '2013/5/15'}"
2013/5/16,1470.0,-1.0,14.0,1507.0,"{'Vol': 1, 'Openpos': 1484.0, 'Type': -1, 'Time': '2013/5/16'}","{'Vol': 1, 'Closepos': 1470.0, 'Type': 1, 'Time': '2013/5/16'}"
2013/5/17,1470.0,0.0,0.0,1507.0,0,0
2013/5/20,1470.0,0.0,0.0,1507.0,0,0
2013/5/21,1514.0,-1.0,23.0,1530.0,"{'Vol': 1, 'Openpos': 1537.0, 'Type': -1, 'Time': '2013/5/21'}","{'Vol': 1, 'Closepos': 1514.0, 'Type': 1, 'Time': '2013/5/21'}"
2013/5/22,1520.0,-1.0,32.0,1562.0,"{'Vol': 1, 'Openpos': 1552.0, 'Type': -1, 'Time': '2013/5/22'}","{'Vol': 1, 'Closepos': 1520.0, 'Type': 1, 'Time': '2013/5/22'}"
2013/5/23,1490.0,0.0,0.0,1562.0,0,0
2013/5/24,1505.0,0.0,0.0,1562.0,0,0
2013/5/27,1484.0,-1.0,36.0,1598.0,"{'Vol': 1, 'Openpos': 1520.0, 'Type': -1, 'Time': '2013/5/27'}","{'Vol': 1, 'Closepos': 1484.0, 'Type': 1, 'Time': '2013/5/27'}"
2013/5/28,1493.0,1.0,19.0,1617.0,"{'Vol': 1, 'Openpos': 1474.0, 'Type': 1, 'Time': '2013/5/28'}","{'Vol': 1, 'Closepos': 1493.0, 'Type': -1, 'Time': '2013/5/28'}"
2013/5/29,1440.0,-1.0,74.0,1691.0,"{'Vol': 1, 'Openpos': 1514.0, 'Type': -1, 'Time': '2013/5/29'}","{'Vol': 1, 'Closepos': 1440.0, 'Type': 1, 'Time': '2013/5/29'}"
2013/5/30,1434.0,1.0,0.0,1691.0,"{'Vol': 1, 'Openpos': 1434.0, 'Type': 1, 'Time': '2013/5/30'}","{'Vol': 1, 'Closepos': 1434.0, 'Type': -1, 'Time': '2013/5/30'}"
2013/5/31,1491.0,1.0,110.0,1801.0,"{'Vol': 1, 'Openpos': 1381.0, 'Type': 1, 'Time': '2013/5/31'}","{'Vol': 1, 'Closepos': 1491.0, 'Type': -1, 'Time': '2013/5/31'}"
2013/6/3,1450.0,0.0,0.0,1801.0,0,0
2013/6/4,1450.0,0.0,0.0,1801.0,0,0
2013/6/5,1450.0,0.0,0.0,1801.0,0,0
2013/6/6,1450.0,0.0,0.0,1801.0,0,0
2013/6/7,1450.0,0.0,0.0,1801.0,0,0
2013/6/13,1460.0,-1.0,-1.0,1800.0,"{'Vol': 1, 'Openpos': 1459.0, 'Type': -1, 'Time': '2013/6/13'}","{'Vol': 1, 'Closepos': 1460.0, 'Type': 1, 'Time': '2013/6/13'}"
2013/6/14,1460.0,0.0,0.0,1800.0,0,0
2013/6/17,1460.0,0.0,0.0,1800.0,0,0
2013/6/18,1460.0,0.0,0.0,1800.0,0,0
2013/6/19,1460.0,0.0,0.0,1800.0,0,0
2013/6/20,1460.0,0.0,0.0,1800.0,0,0
2013/6/21,1460.0,0.0,0.0,1800.0,0,0
2013/6/24,1460.0,0.0,0.0,1800.0,0,0
2013/6/25,1373.0,1.0,-76.0,1724.0,"{'Vol': 1, 'Openpos': 1449.0, 'Type': 1, 'Time': '2013/6/25'}","{'Vol': 1, 'Closepos': 1373.0, 'Type': -1, 'Time': '2013/6/25'}"
2013/6/26,1370.0,0.0,0.0,1724.0,0,0
2013/6/27,1370.0,0.0,0.0,1724.0,0,0
2013/6/28,1370.0,0.0,0.0,1724.0,0,0
2013/7/1,1370.0,0.0,0.0,1724.0,0,0
2013/7/2,1370.0,0.0,0.0,1724.0,0,0
2013/7/3,1370.0,0.0,0.0,1724.0,0,0
2013/7/4,1370.0,0.0,0.0,1724.0,0,0
2013/7/5,1370.0,0.0,0.0,1724.0,0,0
2013/7/8,1370.0,0.0,0.0,1724.0,0,0
2013/7/9,1370.0,0.0,0.0,1724.0,0,0
2013/7/10,1370.0,0.0,0.0,1724.0,0,0
2013/7/11,1370.0,0.0,0.0,1724.0,0,0
2013/7/12,1370.0,0.0,0.0,1724.0,0,0
2013/7/15,1370.0,0.0,0.0,1724.0,0,0
2013/7/16,1370.0,0.0,0.0,1724.0,0,0
2013/7/17,1376.0,-1.0,-2.0,1722.0,"{'Vol': 1, 'Openpos': 1374.0, 'Type': -1, 'Time': '2013/7/17'}","{'Vol': 1, 'Closepos': 1376.0, 'Type': 1, 'Time': '2013/7/17'}"
2013/7/18,1376.0,0.0,0.0,1722.0,0,0
2013/7/19,1390.0,-1.0,27.0,1749.0,"{'Vol': 1, 'Openpos': 1417.0, 'Type': -1, 'Time': '2013/7/19'}","{'Vol': 1, 'Closepos': 1390.0, 'Type': 1, 'Time': '2013/7/19'}"
2013/7/22,1390.0,0.0,0.0,1749.0,0,0
2013/7/23,1390.0,0.0,0.0,1749.0,0,0
2013/7/24,1390.0,0.0,0.0,1749.0,0,0
2013/7/25,1390.0,0.0,0.0,1749.0,0,0
2013/7/26,1390.0,0.0,0.0,1749.0,0,0
2013/7/29,1380.0,-1.0,73.0,1822.0,"{'Vol': 1, 'Openpos': 1453.0, 'Type': -1, 'Time': '2013/7/29'}","{'Vol': 1, 'Closepos': 1380.0, 'Type': 1, 'Time': '2013/7/29'}"
2013/7/30,1380.0,0.0,0.0,1822.0,0,0
2013/7/31,1380.0,0.0,0.0,1822.0,0,0
2013/8/1,1380.0,0.0,0.0,1822.0,0,0
2013/8/2,1380.0,0.0,0.0,1822.0,0,0
2013/8/5,1380.0,0.0,0.0,1822.0,0,0
2013/8/6,1380.0,0.0,0.0,1822.0,0,0
2013/8/7,1380.0,0.0,0.0,1822.0,0,0
2013/8/8,1380.0,0.0,0.0,1822.0,0,0
2013/8/9,1380.0,0.0,0.0,1822.0,0,0
2013/8/12,1380.0,0.0,0.0,1822.0,0,0
2013/8/13,1380.0,0.0,0.0,1822.0,0,0
2013/8/14,1380.0,0.0,0.0,1822.0,0,0
2013/8/15,1457.0,-1.0,3.0,1825.0,"{'Vol': 1, 'Openpos': 1460.0, 'Type': -1, 'Time': '2013/8/15'}","{'Vol': 1, 'Closepos': 1457.0, 'Type': 1, 'Time': '2013/8/15'}"
2013/8/16,1460.0,0.0,0.0,1825.0,0,0
2013/8/19,1476.0,0.0,0.0,1825.0,0,0
2013/8/20,1476.0,0.0,0.0,1825.0,0,0
2013/8/21,1480.0,0.0,0.0,1825.0,0,0
2013/8/22,1475.0,0.0,0.0,1825.0,0,0
2013/8/23,1492.0,0.0,0.0,1825.0,0,0
2013/8/26,1502.0,-1.0,3.0,1828.0,"{'Vol': 1, 'Openpos': 1505.0, 'Type': -1, 'Time': '2013/8/26'}","{'Vol': 1, 'Closepos': 1502.0, 'Type': 1, 'Time': '2013/8/26'}"
2013/8/27,1501.0,0.0,0.0,1828.0,0,0
2013/8/28,1443.0,0.0,0.0,1828.0,0,0
2013/8/29,1449.0,0.0,0.0,1828.0,0,0
2013/8/30,1418.0,0.0,0.0,1828.0,0,0
2013/9/2,1470.0,0.0,0.0,1828.0,0,0
2013/9/3,1477.0,0.0,0.0,1828.0,0,0
2013/9/4,1470.0,1.0,21.0,1849.0,"{'Vol': 1, 'Openpos': 1449.0, 'Type': 1, 'Time': '2013/9/4'}","{'Vol': 1, 'Closepos': 1470.0, 'Type': -1, 'Time': '2013/9/4'}"
2013/9/5,1470.0,0.0,0.0,1849.0,0,0
2013/9/6,1480.0,1.0,49.0,1898.0,"{'Vol': 1, 'Openpos': 1431.0, 'Type': 1, 'Time': '2013/9/6'}","{'Vol': 1, 'Closepos': 1480.0, 'Type': -1, 'Time': '2013/9/6'}"
2013/9/9,1490.0,-1.0,-0.0,1898.0,"{'Vol': 1, 'Openpos': 1490.0, 'Type': -1, 'Time': '2013/9/9'}","{'Vol': 1, 'Closepos': 1490.0, 'Type': 1, 'Time': '2013/9/9'}"
2013/9/10,1455.0,1.0,-1.0,1897.0,"{'Vol': 1, 'Openpos': 1456.0, 'Type': 1, 'Time': '2013/9/10'}","{'Vol': 1, 'Closepos': 1455.0, 'Type': -1, 'Time': '2013/9/10'}"
2013/9/11,1450.0,-1.0,30.0,1927.0,"{'Vol': 1, 'Openpos': 1480.0, 'Type': -1, 'Time': '2013/9/11'}","{'Vol': 1, 'Closepos': 1450.0, 'Type': 1, 'Time': '2013/9/11'}"
2013/9/12,1400.0,1.0,0.0,1927.0,"{'Vol': 1, 'Openpos': 1400.0, 'Type': 1, 'Time': '2013/9/12'}","{'Vol': 1, 'Closepos': 1400.0, 'Type': -1, 'Time': '2013/9/12'}"
2013/9/13,1400.0,0.0,0.0,1927.0,0,0
2013/9/16,1455.0,-1.0,-1.0,1926.0,"{'Vol': 1, 'Openpos': 1454.0, 'Type': -1, 'Time': '2013/9/16'}","{'Vol': 1, 'Closepos': 1455.0, 'Type': 1, 'Time': '2013/9/16'}"
2013/9/17,1444.0,0.0,0.0,1926.0,0,0
2013/9/18,1470.0,0.0,0.0,1926.0,0,0
2013/9/23,1470.0,0.0,0.0,1926.0,0,0
2013/9/24,1460.0,1.0,0.0,1926.0,"{'Vol': 1, 'Openpos': 1460.0, 'Type': 1, 'Time': '2013/9/24'}","{'Vol': 1, 'Closepos': 1460.0, 'Type': -1, 'Time': '2013/9/24'}"
2013/9/25,1455.0,1.0,1.0,1927.0,"{'Vol': 1, 'Openpos': 1454.0, 'Type': 1, 'Time': '2013/9/25'}","{'Vol': 1, 'Closepos': 1455.0, 'Type': -1, 'Time': '2013/9/25'}"
2013/9/26,1429.0,0.0,0.0,1927.0,0,0
2013/9/27,1428.0,1.0,20.0,1947.0,"{'Vol': 1, 'Openpos': 1408.0, 'Type': 1, 'Time': '2013/9/27'}","{'Vol': 1, 'Closepos': 1428.0, 'Type': -1, 'Time': '2013/9/27'}"
2013/9/30,1380.0,1.0,53.0,2000.0,"{'Vol': 1, 'Openpos': 1327.0, 'Type': 1, 'Time': '2013/9/30'}","{'Vol': 1, 'Closepos': 1380.0, 'Type': -1, 'Time': '2013/9/30'}"
2013/10/8,1351.0,0.0,0.0,2000.0,0,0
2013/10/9,1350.0,0.0,0.0,2000.0,0,0
2013/10/10,1350.0,0.0,0.0,2000.0,0,0
2013/10/11,1358.0,-1.0,-0.0,2000.0,"{'Vol': 1, 'Openpos': 1358.0, 'Type': -1, 'Time': '2013/10/11'}","{'Vol': 1, 'Closepos': 1358.0, 'Type': 1, 'Time': '2013/10/11'}"
2013/10/14,1358.0,0.0,0.0,2000.0,0,0
2013/10/15,1470.0,-1.0,-70.0,1930.0,"{'Vol': 1, 'Openpos': 1400.0, 'Type': -1, 'Time': '2013/10/15'}","{'Vol': 1, 'Closepos': 1470.0, 'Type': 1, 'Time': '2013/10/15'}"
2013/10/16,1470.0,0.0,0.0,1930.0,0,0
2013/10/17,1470.0,0.0,0.0,1930.0,0,0
2013/10/18,1470.0,0.0,0.0,1930.0,0,0
2013/10/21,1400.0,1.0,0.0,1930.0,"{'Vol': 1, 'Openpos': 1400.0, 'Type': 1, 'Time': '2013/10/21'}","{'Vol': 1, 'Closepos': 1400.0, 'Type': -1, 'Time': '2013/10/21'}"
2013/10/22,1480.0,-1.0,1.0,1931.0,"{'Vol': 1, 'Openpos': 1481.0, 'Type': -1, 'Time': '2013/10/22'}","{'Vol': 1, 'Closepos': 1480.0, 'Type': 1, 'Time': '2013/10/22'}"
2013/10/23,1483.0,1.0,20.0,1951.0,"{'Vol': 1, 'Openpos': 1463.0, 'Type': 1, 'Time': '2013/10/23'}","{'Vol': 1, 'Closepos': 1483.0, 'Type': -1, 'Time': '2013/10/23'}"
2013/10/24,1483.0,0.0,0.0,1951.0,0,0
2013/10/25,1481.0,-1.0,10.0,1961.0,"{'Vol': 1, 'Openpos': 1491.0, 'Type': -1, 'Time': '2013/10/25'}","{'Vol': 1, 'Closepos': 1481.0, 'Type': 1, 'Time': '2013/10/25'}"
2013/10/28,1481.0,0.0,0.0,1961.0,0,0
2013/10/29,1481.0,0.0,0.0,1961.0,0,0
2013/10/30,1481.0,0.0,0.0,1961.0,0,0
2013/10/31,1392.0,1.0,-78.0,1883.0,"{'Vol': 1, 'Openpos': 1470.0, 'Type': 1, 'Time': '2013/10/31'}","{'Vol': 1, 'Closepos': 1392.0, 'Type': -1, 'Time': '2013/10/31'}"
2013/11/1,1498.0,-1.0,-0.0,1883.0,"{'Vol': 1, 'Openpos': 1498.0, 'Type': -1, 'Time': '2013/11/1'}","{'Vol': 1, 'Closepos': 1498.0, 'Type': 1, 'Time': '2013/11/1'}"
2013/11/4,1498.0,0.0,0.0,1883.0,0,0
2013/11/5,1498.0,0.0,0.0,1883.0,0,0
2013/11/6,1498.0,0.0,0.0,1883.0,0,0
2013/11/7,1498.0,0.0,0.0,1883.0,0,0
2013/11/8,1498.0,0.0,0.0,1883.0,0,0
2013/11/11,1498.0,0.0,0.0,1883.0,0,0
2013/11/12,1498.0,0.0,0.0,1883.0,0,0
2013/11/13,1498.0,0.0,0.0,1883.0,0,0
2013/11/14,1498.0,0.0,0.0,1883.0,0,0
2013/11/15,1492.0,1.0,0.0,1883.0,"{'Vol': 1, 'Openpos': 1492.0, 'Type': 1, 'Time': '2013/11/15'}","{'Vol': 1, 'Closepos': 1492.0, 'Type': -1, 'Time': '2013/11/15'}"
2013/11/18,1514.0,1.0,37.0,1920.0,"{'Vol': 1, 'Openpos': 1477.0, 'Type': 1, 'Time': '2013/11/18'}","{'Vol': 1, 'Closepos': 1514.0, 'Type': -1, 'Time': '2013/11/18'}"
2013/11/19,1500.0,0.0,0.0,1920.0,0,0
2013/11/20,1500.0,0.0,0.0,1920.0,0,0
2013/11/21,1500.0,0.0,0.0,1920.0,0,0
2013/11/22,1500.0,0.0,0.0,1920.0,0,0
2013/11/25,1500.0,0.0,0.0,1920.0,0,0
2013/11/26,1500.0,0.0,0.0,1920.0,0,0
2013/11/27,1500.0,0.0,0.0,1920.0,0,0
2013/11/28,1500.0,0.0,0.0,1920.0,0,0
2013/11/29,1500.0,0.0,0.0,1920.0,0,0
2013/12/2,1503.0,0.0,0.0,1920.0,0,0
2013/12/3,1503.0,0.0,0.0,1920.0,0,0
2013/12/4,1503.0,0.0,0.0,1920.0,0,0
2013/12/5,1520.0,-1.0,-0.0,1920.0,"{'Vol': 1, 'Openpos': 1520.0, 'Type': -1, 'Time': '2013/12/5'}","{'Vol': 1, 'Closepos': 1520.0, 'Type': 1, 'Time': '2013/12/5'}"
2013/12/6,1520.0,0.0,0.0,1920.0,0,0
2013/12/9,1520.0,0.0,0.0,1920.0,0,0
2013/12/10,1520.0,0.0,0.0,1920.0,0,0
2013/12/11,1500.0,1.0,0.0,1920.0,"{'Vol': 1, 'Openpos': 1500.0, 'Type': 1, 'Time': '2013/12/11'}","{'Vol': 1, 'Closepos': 1500.0, 'Type': -1, 'Time': '2013/12/11'}"
2013/12/12,1500.0,0.0,0.0,1920.0,0,0
2013/12/13,1500.0,0.0,0.0,1920.0,0,0
2013/12/16,1486.0,1.0,21.0,1941.0,"{'Vol': 1, 'Openpos': 1465.0, 'Type': 1, 'Time': '2013/12/16'}","{'Vol': 1, 'Closepos': 1486.0, 'Type': -1, 'Time': '2013/12/16'}"
2013/12/17,1484.0,0.0,0.0,1941.0,0,0
2013/12/18,1490.0,0.0,0.0,1941.0,0,0
2013/12/19,1487.0,0.0,0.0,1941.0,0,0
2013/12/20,1472.0,0.0,0.0,1941.0,0,0
2013/12/23,1475.0,0.0,0.0,1941.0,0,0
2013/12/24,1479.0,0.0,0.0,1941.0,0,0
2013/12/25,1469.0,0.0,0.0,1941.0,0,0
2013/12/26,1457.0,0.0,0.0,1941.0,0,0
2013/12/27,1453.0,0.0,0.0,1941.0,0,0
2013/12/30,1427.0,0.0,0.0,1941.0,0,0
2013/12/31,1379.0,0.0,0.0,1941.0,0,0
2014/1/2,1379.0,1.0,4.0,1945.0,"{'Vol': 1, 'Openpos': 1375.0, 'Type': 1, 'Time': '2014/1/2'}","{'Vol': 1, 'Closepos': 1379.0, 'Type': -1, 'Time': '2014/1/2'}"
2014/1/3,1352.0,0.0,0.0,1945.0,0,0
2014/1/6,1332.0,1.0,0.0,1945.0,"{'Vol': 1, 'Openpos': 1332.0, 'Type': 1, 'Time': '2014/1/6'}","{'Vol': 1, 'Closepos': 1332.0, 'Type': -1, 'Time': '2014/1/6'}"
2014/1/7,1332.0,0.0,0.0,1945.0,0,0
2014/1/8,1332.0,0.0,0.0,1945.0,0,0
2014/1/9,1332.0,0.0,0.0,1945.0,0,0
2014/1/10,1339.0,-1.0,-0.0,1945.0,"{'Vol': 1, 'Openpos': 1339.0, 'Type': -1, 'Time': '2014/1/10'}","{'Vol': 1, 'Closepos': 1339.0, 'Type': 1, 'Time': '2014/1/10'}"
2014/1/13,1339.0,0.0,0.0,1945.0,0,0
2014/1/14,1335.0,1.0,0.0,1945.0,"{'Vol': 1, 'Openpos': 1335.0, 'Type': 1, 'Time': '2014/1/14'}","{'Vol': 1, 'Closepos': 1335.0, 'Type': -1, 'Time': '2014/1/14'}"
2014/1/15,1300.0,1.0,0.0,1945.0,"{'Vol': 1, 'Openpos': 1300.0, 'Type': 1, 'Time': '2014/1/15'}","{'Vol': 1, 'Closepos': 1300.0, 'Type': -1, 'Time': '2014/1/15'}"
2014/1/16,1328.0,-1.0,-0.0,1945.0,"{'Vol': 1, 'Openpos': 1328.0, 'Type': -1, 'Time': '2014/1/16'}","{'Vol': 1, 'Closepos': 1328.0, 'Type': 1, 'Time': '2014/1/16'}"
2014/1/17,1328.0,0.0,0.0,1945.0,0,0
2014/1/20,1329.0,1.0,29.0,1974.0,"{'Vol': 1, 'Openpos': 1300.0, 'Type': 1, 'Time': '2014/1/20'}","{'Vol': 1, 'Closepos': 1329.0, 'Type': -1, 'Time': '2014/1/20'}"
2014/1/21,1289.0,0.0,0.0,1974.0,0,0
2014/1/22,1289.0,0.0,0.0,1974.0,0,0
2014/1/23,1289.0,0.0,0.0,1974.0,0,0
2014/1/24,1326.0,1.0,51.0,2025.0,"{'Vol': 1, 'Openpos': 1275.0, 'Type': 1, 'Time': '2014/1/24'}","{'Vol': 1, 'Closepos': 1326.0, 'Type': -1, 'Time': '2014/1/24'}"
2014/1/27,1319.0,0.0,0.0,2025.0,0,0
2014/1/28,1299.0,1.0,0.0,2025.0,"{'Vol': 1, 'Openpos': 1299.0, 'Type': 1, 'Time': '2014/1/28'}","{'Vol': 1, 'Closepos': 1299.0, 'Type': -1, 'Time': '2014/1/28'}"
2014/1/29,1296.0,1.0,0.0,2025.0,"{'Vol': 1, 'Openpos': 1296.0, 'Type': 1, 'Time': '2014/1/29'}","{'Vol': 1, 'Closepos': 1296.0, 'Type': -1, 'Time': '2014/1/29'}"
2014/1/30,1296.0,0.0,0.0,2025.0,0,0
2014/2/7,1296.0,0.0,0.0,2025.0,0,0
2014/2/10,1296.0,0.0,0.0,2025.0,0,0
2014/2/11,1296.0,0.0,0.0,2025.0,0,0
2014/2/12,1296.0,0.0,0.0,2025.0,0,0
2014/2/13,1296.0,0.0,0.0,2025.0,0,0
2014/2/14,1296.0,0.0,0.0,2025.0,0,0
2014/2/17,1296.0,0.0,0.0,2025.0,0,0
2014/2/18,1296.0,0.0,0.0,2025.0,0,0
2014/2/19,1296.0,0.0,0.0,2025.0,0,0
2014/2/20,1296.0,0.0,0.0,2025.0,0,0
2014/2/21,1296.0,0.0,0.0,2025.0,0,0
2014/2/24,1296.0,0.0,0.0,2025.0,0,0
2014/2/25,1258.0,1.0,0.0,2025.0,"{'Vol': 1, 'Openpos': 1258.0, 'Type': 1, 'Time': '2014/2/25'}","{'Vol': 1, 'Closepos': 1258.0, 'Type': -1, 'Time': '2014/2/25'}"
2014/2/26,1238.0,1.0,0.0,2025.0,"{'Vol': 1, 'Openpos': 1238.0, 'Type': 1, 'Time': '2014/2/26'}","{'Vol': 1, 'Closepos': 1238.0, 'Type': -1, 'Time': '2014/2/26'}"
2014/2/27,1238.0,0.0,0.0,2025.0,0,0
2014/2/28,1238.0,0.0,0.0,2025.0,0,0
2014/3/3,1238.0,0.0,0.0,2025.0,0,0
2014/3/4,1238.0,0.0,0.0,2025.0,0,0
2014/3/5,1238.0,0.0,0.0,2025.0,0,0
2014/3/6,1238.0,0.0,0.0,2025.0,0,0
2014/3/7,1238.0,0.0,0.0,2025.0,0,0
2014/3/10,1238.0,0.0,0.0,2025.0,0,0
2014/3/11,1238.0,0.0,0.0,2025.0,0,0
2014/3/12,1238.0,0.0,0.0,2025.0,0,0
2014/3/13,1238.0,0.0,0.0,2025.0,0,0
2014/3/14,1238.0,0.0,0.0,2025.0,0,0
2014/3/17,1123.0,1.0,0.0,2025.0,"{'Vol': 1, 'Openpos': 1123.0, 'Type': 1, 'Time': '2014/3/17'}","{'Vol': 1, 'Closepos': 1123.0, 'Type': -1, 'Time': '2014/3/17'}"
2014/3/18,1123.0,0.0,0.0,2025.0,0,0
2014/3/19,1123.0,0.0,0.0,2025.0,0,0
2014/3/20,1123.0,0.0,0.0,2025.0,0,0
2014/3/21,1123.0,0.0,0.0,2025.0,0,0
2014/3/24,1123.0,0.0,0.0,2025.0,0,0
2014/3/25,1079.0,1.0,0.0,2025.0,"{'Vol': 1, 'Openpos': 1079.0, 'Type': 1, 'Time': '2014/3/25'}","{'Vol': 1, 'Closepos': 1079.0, 'Type': -1, 'Time': '2014/3/25'}"
2014/3/26,1079.0,0.0,0.0,2025.0,0,0
2014/3/27,1079.0,0.0,0.0,2025.0,0,0
2014/3/28,1111.0,-1.0,-0.0,2025.0,"{'Vol': 1, 'Openpos': 1111.0, 'Type': -1, 'Time': '2014/3/28'}","{'Vol': 1, 'Closepos': 1111.0, 'Type': 1, 'Time': '2014/3/28'}"
2014/3/31,1111.0,0.0,0.0,2025.0,0,0
2014/4/1,1050.0,1.0,47.0,2072.0,"{'Vol': 1, 'Openpos': 1003.0, 'Type': 1, 'Time': '2014/4/1'}","{'Vol': 1, 'Closepos': 1050.0, 'Type': -1, 'Time': '2014/4/1'}"
2014/4/2,1050.0,0.0,0.0,2072.0,0,0
2014/4/3,1050.0,0.0,0.0,2072.0,0,0
2014/4/4,1050.0,0.0,0.0,2072.0,0,0
2014/4/8,1050.0,0.0,0.0,2072.0,0,0
2014/4/9,1050.0,0.0,0.0,2072.0,0,0
2014/4/10,1050.0,0.0,0.0,2072.0,0,0
2014/4/11,1050.0,0.0,0.0,2072.0,0,0
2014/4/14,1050.0,0.0,0.0,2072.0,0,0
2014/4/15,1050.0,0.0,0.0,2072.0,0,0
2014/4/16,1165.0,-1.0,5.0,2077.0,"{'Vol': 1, 'Openpos': 1170.0, 'Type': -1, 'Time': '2014/4/16'}","{'Vol': 1, 'Closepos': 1165.0, 'Type': 1, 'Time': '2014/4/16'}"
2014/4/17,1153.0,0.0,0.0,2077.0,0,0
2014/4/18,1119.0,0.0,0.0,2077.0,0,0
2014/4/21,1113.0,0.0,0.0,2077.0,0,0
2014/4/22,1113.0,0.0,0.0,2077.0,0,0
2014/4/23,1108.0,0.0,0.0,2077.0,0,0
2014/4/24,1104.0,0.0,0.0,2077.0,0,0
2014/4/25,1091.0,0.0,0.0,2077.0,0,0
2014/4/28,1071.0,0.0,0.0,2077.0,0,0
2014/4/29,1072.0,0.0,0.0,2077.0,0,0
2014/4/30,1024.0,0.0,0.0,2077.0,0,0
2014/5/5,1065.0,0.0,0.0,2077.0,0,0
2014/5/6,1070.0,-1.0,10.0,2087.0,"{'Vol': 1, 'Openpos': 1080.0, 'Type': -1, 'Time': '2014/5/6'}","{'Vol': 1, 'Closepos': 1070.0, 'Type': 1, 'Time': '2014/5/6'}"
2014/5/7,1065.0,0.0,0.0,2087.0,0,0
2014/5/8,1065.0,0.0,0.0,2087.0,0,0
2014/5/9,1072.0,-1.0,-2.0,2085.0,"{'Vol': 1, 'Openpos': 1070.0, 'Type': -1, 'Time': '2014/5/9'}","{'Vol': 1, 'Closepos': 1072.0, 'Type': 1, 'Time': '2014/5/9'}"
2014/5/12,1100.0,-1.0,-25.0,2060.0,"{'Vol': 1, 'Openpos': 1075.0, 'Type': -1, 'Time': '2014/5/12'}","{'Vol': 1, 'Closepos': 1100.0, 'Type': 1, 'Time': '2014/5/12'}"
2014/5/13,1085.0,0.0,0.0,2060.0,0,0
2014/5/14,1085.0,0.0,0.0,2060.0,0,0
2014/5/15,1085.0,0.0,0.0,2060.0,0,0
2014/5/16,1054.0,1.0,0.0,2060.0,"{'Vol': 1, 'Openpos': 1054.0, 'Type': 1, 'Time': '2014/5/16'}","{'Vol': 1, 'Closepos': 1054.0, 'Type': -1, 'Time': '2014/5/16'}"
2014/5/19,1070.0,-1.0,49.0,2109.0,"{'Vol': 1, 'Openpos': 1119.0, 'Type': -1, 'Time': '2014/5/19'}","{'Vol': 1, 'Closepos': 1070.0, 'Type': 1, 'Time': '2014/5/19'}"
2014/5/20,1070.0,0.0,0.0,2109.0,0,0
2014/5/21,1070.0,0.0,0.0,2109.0,0,0
2014/5/22,1041.0,-1.0,80.0,2189.0,"{'Vol': 1, 'Openpos': 1121.0, 'Type': -1, 'Time': '2014/5/22'}","{'Vol': 1, 'Closepos': 1041.0, 'Type': 1, 'Time': '2014/5/22'}"
2014/5/23,1041.0,0.0,0.0,2189.0,0,0
2014/5/26,1079.0,1.0,41.0,2230.0,"{'Vol': 1, 'Openpos': 1038.0, 'Type': 1, 'Time': '2014/5/26'}","{'Vol': 1, 'Closepos': 1079.0, 'Type': -1, 'Time': '2014/5/26'}"
2014/5/27,1024.0,1.0,-1.0,2229.0,"{'Vol': 1, 'Openpos': 1025.0, 'Type': 1, 'Time': '2014/5/27'}","{'Vol': 1, 'Closepos': 1024.0, 'Type': -1, 'Time': '2014/5/27'}"
2014/5/28,1003.0,1.0,35.0,2264.0,"{'Vol': 1, 'Openpos': 968.0, 'Type': 1, 'Time': '2014/5/28'}","{'Vol': 1, 'Closepos': 1003.0, 'Type': -1, 'Time': '2014/5/28'}"
2014/5/29,1003.0,0.0,0.0,2264.0,0,0
2014/5/30,955.0,1.0,2.0,2266.0,"{'Vol': 1, 'Openpos': 953.0, 'Type': 1, 'Time': '2014/5/30'}","{'Vol': 1, 'Closepos': 955.0, 'Type': -1, 'Time': '2014/5/30'}"
2014/6/3,955.0,0.0,0.0,2266.0,0,0
2014/6/4,955.0,0.0,0.0,2266.0,0,0
2014/6/5,955.0,0.0,0.0,2266.0,0,0
2014/6/6,955.0,0.0,0.0,2266.0,0,0
2014/6/9,955.0,0.0,0.0,2266.0,0,0
2014/6/10,955.0,0.0,0.0,2266.0,0,0
2014/6/11,955.0,0.0,0.0,2266.0,0,0
2014/6/12,955.0,0.0,0.0,2266.0,0,0
2014/6/13,955.0,0.0,0.0,2266.0,0,0
2014/6/16,955.0,0.0,0.0,2266.0,0,0
2014/6/17,955.0,0.0,0.0,2266.0,0,0
2014/6/18,1102.0,-1.0,29.0,2295.0,"{'Vol': 1, 'Openpos': 1131.0, 'Type': -1, 'Time': '2014/6/18'}","{'Vol': 1, 'Closepos': 1102.0, 'Type': 1, 'Time': '2014/6/18'}"
2014/6/19,1102.0,0.0,0.0,2295.0,0,0
2014/6/20,1102.0,0.0,0.0,2295.0,0,0
2014/6/23,1100.0,0.0,0.0,2295.0,0,0
2014/6/24,1100.0,0.0,0.0,2295.0,0,0
2014/6/25,1100.0,0.0,0.0,2295.0,0,0
2014/6/26,1100.0,0.0,0.0,2295.0,0,0
2014/6/27,1100.0,0.0,0.0,2295.0,0,0
2014/6/30,1100.0,0.0,0.0,2295.0,0,0
2014/7/1,1100.0,0.0,0.0,2295.0,0,0
2014/7/2,1100.0,0.0,0.0,2295.0,0,0
2014/7/3,1100.0,0.0,0.0,2295.0,0,0
2014/7/4,1100.0,0.0,0.0,2295.0,0,0
2014/7/7,1100.0,0.0,0.0,2295.0,0,0
2014/7/8,1100.0,0.0,0.0,2295.0,0,0
2014/7/9,1100.0,0.0,0.0,2295.0,0,0
2014/7/10,1100.0,0.0,0.0,2295.0,0,0
2014/7/11,1100.0,0.0,0.0,2295.0,0,0
2014/7/14,1100.0,0.0,0.0,2295.0,0,0
2014/7/15,1052.0,1.0,2.0,2297.0,"{'Vol': 1, 'Openpos': 1050.0, 'Type': 1, 'Time': '2014/7/15'}","{'Vol': 1, 'Closepos': 1052.0, 'Type': -1, 'Time': '2014/7/15'}"
2014/7/16,1052.0,0.0,0.0,2297.0,0,0
2014/7/17,1052.0,0.0,0.0,2297.0,0,0
2014/7/18,1033.0,-1.0,29.0,2326.0,"{'Vol': 1, 'Openpos': 1062.0, 'Type': -1, 'Time': '2014/7/18'}","{'Vol': 1, 'Closepos': 1033.0, 'Type': 1, 'Time': '2014/7/18'}"
2014/7/21,1033.0,0.0,0.0,2326.0,0,0
2014/7/22,1033.0,0.0,0.0,2326.0,0,0
2014/7/23,1044.0,-1.0,5.0,2331.0,"{'Vol': 1, 'Openpos': 1049.0, 'Type': -1, 'Time': '2014/7/23'}","{'Vol': 1, 'Closepos': 1044.0, 'Type': 1, 'Time': '2014/7/23'}"
2014/7/24,1044.0,0.0,0.0,2331.0,0,0
2014/7/25,1000.0,1.0,-21.0,2310.0,"{'Vol': 1, 'Openpos': 1021.0, 'Type': 1, 'Time': '2014/7/25'}","{'Vol': 1, 'Closepos': 1000.0, 'Type': -1, 'Time': '2014/7/25'}"
2014/7/28,1000.0,0.0,0.0,2310.0,0,0
2014/7/29,1006.0,-1.0,42.0,2352.0,"{'Vol': 1, 'Openpos': 1048.0, 'Type': -1, 'Time': '2014/7/29'}","{'Vol': 1, 'Closepos': 1006.0, 'Type': 1, 'Time': '2014/7/29'}"
2014/7/30,1006.0,0.0,0.0,2352.0,0,0
2014/7/31,1017.0,-1.0,-0.0,2352.0,"{'Vol': 1, 'Openpos': 1017.0, 'Type': -1, 'Time': '2014/7/31'}","{'Vol': 1, 'Closepos': 1017.0, 'Type': 1, 'Time': '2014/7/31'}"
2014/8/1,956.0,1.0,0.0,2352.0,"{'Vol': 1, 'Openpos': 956.0, 'Type': 1, 'Time': '2014/8/1'}","{'Vol': 1, 'Closepos': 956.0, 'Type': -1, 'Time': '2014/8/1'}"
2014/8/4,956.0,0.0,0.0,2352.0,0,0
2014/8/5,956.0,0.0,0.0,2352.0,0,0
2014/8/6,956.0,0.0,0.0,2352.0,0,0
2014/8/7,956.0,0.0,0.0,2352.0,0,0
2014/8/8,956.0,0.0,0.0,2352.0,0,0
2014/8/11,956.0,0.0,0.0,2352.0,0,0
2014/8/12,956.0,0.0,0.0,2352.0,0,0
2014/8/13,1010.0,-1.0,-0.0,2352.0,"{'Vol': 1, 'Openpos': 1010.0, 'Type': -1, 'Time': '2014/8/13'}","{'Vol': 1, 'Closepos': 1010.0, 'Type': 1, 'Time': '2014/8/13'}"
2014/8/14,1010.0,0.0,0.0,2352.0,0,0
2014/8/15,1008.0,1.0,26.0,2378.0,"{'Vol': 1, 'Openpos': 982.0, 'Type': 1, 'Time': '2014/8/15'}","{'Vol': 1, 'Closepos': 1008.0, 'Type': -1, 'Time': '2014/8/15'}"
2014/8/18,997.0,0.0,0.0,2378.0,0,0
2014/8/19,1003.0,0.0,0.0,2378.0,0,0
2014/8/20,998.0,0.0,0.0,2378.0,0,0
2014/8/21,1000.0,0.0,0.0,2378.0,0,0
2014/8/22,1006.0,0.0,0.0,2378.0,0,0
2014/8/25,1025.0,0.0,0.0,2378.0,0,0
2014/8/26,1039.0,0.0,0.0,2378.0,0,0
2014/8/27,1037.0,0.0,0.0,2378.0,0,0
2014/8/28,1026.0,0.0,0.0,2378.0,0,0
2014/8/29,1040.0,0.0,0.0,2378.0,0,0
2014/9/1,1036.0,0.0,0.0,2378.0,0,0
2014/9/2,1054.0,0.0,0.0,2378.0,0,0
2014/9/3,1045.0,0.0,0.0,2378.0,0,0
2014/9/4,1040.0,1.0,0.0,2378.0,"{'Vol': 1, 'Openpos': 1040.0, 'Type': 1, 'Time': '2014/9/4'}","{'Vol': 1, 'Closepos': 1040.0, 'Type': -1, 'Time': '2014/9/4'}"
2014/9/5,1021.0,1.0,-3.0,2375.0,"{'Vol': 1, 'Openpos': 1024.0, 'Type': 1, 'Time': '2014/9/5'}","{'Vol': 1, 'Closepos': 1021.0, 'Type': -1, 'Time': '2014/9/5'}"
2014/9/9,1011.0,-1.0,18.0,2393.0,"{'Vol': 1, 'Openpos': 1029.0, 'Type': -1, 'Time': '2014/9/9'}","{'Vol': 1, 'Closepos': 1011.0, 'Type': 1, 'Time': '2014/9/9'}"
2014/9/10,1016.0,0.0,0.0,2393.0,0,0
2014/9/11,1011.0,0.0,0.0,2393.0,0,0
2014/9/12,1029.0,-1.0,5.0,2398.0,"{'Vol': 1, 'Openpos': 1034.0, 'Type': -1, 'Time': '2014/9/12'}","{'Vol': 1, 'Closepos': 1029.0, 'Type': 1, 'Time': '2014/9/12'}"
2014/9/15,1011.0,1.0,-4.0,2394.0,"{'Vol': 1, 'Openpos': 1015.0, 'Type': 1, 'Time': '2014/9/15'}","{'Vol': 1, 'Closepos': 1011.0, 'Type': -1, 'Time': '2014/9/15'}"
2014/9/16,1011.0,0.0,0.0,2394.0,0,0
2014/9/17,1011.0,0.0,0.0,2394.0,0,0
2014/9/18,1011.0,0.0,0.0,2394.0,0,0
2014/9/19,1011.0,0.0,0.0,2394.0,0,0
2014/9/22,1040.0,-1.0,-0.0,2394.0,"{'Vol': 1, 'Openpos': 1040.0, 'Type': -1, 'Time': '2014/9/22'}","{'Vol': 1, 'Closepos': 1040.0, 'Type': 1, 'Time': '2014/9/22'}"
2014/9/23,1040.0,0.0,0.0,2394.0,0,0
2014/9/24,1040.0,0.0,0.0,2394.0,0,0
2014/9/25,1042.0,-1.0,-0.0,2394.0,"{'Vol': 1, 'Openpos': 1042.0, 'Type': -1, 'Time': '2014/9/25'}","{'Vol': 1, 'Closepos': 1042.0, 'Type': 1, 'Time': '2014/9/25'}"
2014/9/26,1042.0,-1.0,3.0,2397.0,"{'Vol': 1, 'Openpos': 1045.0, 'Type': -1, 'Time': '2014/9/26'}","{'Vol': 1, 'Closepos': 1042.0, 'Type': 1, 'Time': '2014/9/26'}"
2014/9/29,1042.0,0.0,0.0,2397.0,0,0
2014/9/30,981.0,1.0,0.0,2397.0,"{'Vol': 1, 'Openpos': 981.0, 'Type': 1, 'Time': '2014/9/30'}","{'Vol': 1, 'Closepos': 981.0, 'Type': -1, 'Time': '2014/9/30'}"
2014/10/8,981.0,0.0,0.0,2397.0,0,0
2014/10/9,981.0,0.0,0.0,2397.0,0,0
2014/10/10,981.0,0.0,0.0,2397.0,0,0
2014/10/13,981.0,0.0,0.0,2397.0,0,0
2014/10/14,981.0,0.0,0.0,2397.0,0,0
2014/10/15,981.0,0.0,0.0,2397.0,0,0
2014/10/16,981.0,0.0,0.0,2397.0,0,0
2014/10/17,981.0,0.0,0.0,2397.0,0,0
2014/10/20,981.0,0.0,0.0,2397.0,0,0
2014/10/21,981.0,0.0,0.0,2397.0,0,0
2014/10/22,981.0,0.0,0.0,2397.0,0,0
2014/10/23,981.0,0.0,0.0,2397.0,0,0
2014/10/24,1089.0,-1.0,-0.0,2397.0,"{'Vol': 1, 'Openpos': 1089.0, 'Type': -1, 'Time': '2014/10/24'}","{'Vol': 1, 'Closepos': 1089.0, 'Type': 1, 'Time': '2014/10/24'}"
2014/10/27,1056.0,-1.0,49.0,2446.0,"{'Vol': 1, 'Openpos': 1105.0, 'Type': -1, 'Time': '2014/10/27'}","{'Vol': 1, 'Closepos': 1056.0, 'Type': 1, 'Time': '2014/10/27'}"
2014/10/28,1056.0,0.0,0.0,2446.0,0,0
2014/10/29,1092.0,-1.0,-0.0,2446.0,"{'Vol': 1, 'Openpos': 1092.0, 'Type': -1, 'Time': '2014/10/29'}","{'Vol': 1, 'Closepos': 1092.0, 'Type': 1, 'Time': '2014/10/29'}"
2014/10/30,1092.0,0.0,0.0,2446.0,0,0
2014/10/31,1100.0,-1.0,-0.0,2446.0,"{'Vol': 1, 'Openpos': 1100.0, 'Type': -1, 'Time': '2014/10/31'}","{'Vol': 1, 'Closepos': 1100.0, 'Type': 1, 'Time': '2014/10/31'}"
2014/11/3,1100.0,0.0,0.0,2446.0,0,0
2014/11/4,1100.0,0.0,0.0,2446.0,0,0
2014/11/5,1100.0,0.0,0.0,2446.0,0,0
2014/11/6,1100.0,0.0,0.0,2446.0,0,0
2014/11/7,1100.0,0.0,0.0,2446.0,0,0
2014/11/10,1100.0,0.0,0.0,2446.0,0,0
2014/11/11,1100.0,0.0,0.0,2446.0,0,0
2014/11/12,1100.0,0.0,0.0,2446.0,0,0
2014/11/13,1100.0,0.0,0.0,2446.0,0,0
2014/11/14,1100.0,0.0,0.0,2446.0,0,0
2014/11/17,1100.0,0.0,0.0,2446.0,0,0
2014/11/18,1014.0,1.0,5.0,2451.0,"{'Vol': 1, 'Openpos': 1009.0, 'Type': 1, 'Time': '2014/11/18'}","{'Vol': 1, 'Closepos': 1014.0, 'Type': -1, 'Time': '2014/11/18'}"
2014/11/19,1049.0,1.0,48.0,2499.0,"{'Vol': 1, 'Openpos': 1001.0, 'Type': 1, 'Time': '2014/11/19'}","{'Vol': 1, 'Closepos': 1049.0, 'Type': -1, 'Time': '2014/11/19'}"
2014/11/20,1049.0,0.0,0.0,2499.0,0,0
2014/11/21,1049.0,0.0,0.0,2499.0,0,0
2014/11/24,1049.0,0.0,0.0,2499.0,0,0
2014/11/25,1088.0,1.0,48.0,2547.0,"{'Vol': 1, 'Openpos': 1040.0, 'Type': 1, 'Time': '2014/11/25'}","{'Vol': 1, 'Closepos': 1088.0, 'Type': -1, 'Time': '2014/11/25'}"
2014/11/26,1088.0,0.0,0.0,2547.0,0,0
2014/11/27,1088.0,0.0,0.0,2547.0,0,0
2014/11/28,1088.0,0.0,0.0,2547.0,0,0
2014/12/1,1088.0,0.0,0.0,2547.0,0,0
2014/12/2,1088.0,0.0,0.0,2547.0,0,0
2014/12/3,1088.0,0.0,0.0,2547.0,0,0
2014/12/4,1088.0,0.0,0.0,2547.0,0,0
2014/12/5,1088.0,0.0,0.0,2547.0,0,0
2014/12/8,1088.0,0.0,0.0,2547.0,0,0
2014/12/9,1088.0,0.0,0.0,2547.0,0,0
2014/12/10,1088.0,0.0,0.0,2547.0,0,0
2014/12/11,1088.0,0.0,0.0,2547.0,0,0
2014/12/12,1088.0,0.0,0.0,2547.0,0,0
2014/12/15,1078.0,1.0,-1.0,2546.0,"{'Vol': 1, 'Openpos': 1079.0, 'Type': 1, 'Time': '2014/12/15'}","{'Vol': 1, 'Closepos': 1078.0, 'Type': -1, 'Time': '2014/12/15'}"
2014/12/16,1076.0,0.0,0.0,2546.0,0,0
2014/12/17,1057.0,0.0,0.0,2546.0,0,0
2014/12/18,1074.0,0.0,0.0,2546.0,0,0
2014/12/19,1078.0,0.0,0.0,2546.0,0,0
2014/12/22,1067.0,0.0,0.0,2546.0,0,0
2014/12/23,1061.0,0.0,0.0,2546.0,0,0
2014/12/24,1067.0,0.0,0.0,2546.0,0,0
2014/12/25,1069.0,0.0,0.0,2546.0,0,0
2014/12/26,1066.0,0.0,0.0,2546.0,0,0
2014/12/29,1070.0,0.0,0.0,2546.0,0,0
2014/12/30,1110.0,0.0,0.0,2546.0,0,0
2014/12/31,1133.0,-1.0,-3.0,2543.0,"{'Vol': 1, 'Openpos': 1130.0, 'Type': -1, 'Time': '2014/12/31'}","{'Vol': 1, 'Closepos': 1133.0, 'Type': 1, 'Time': '2014/12/31'}"
2015/1/5,1137.0,0.0,0.0,2543.0,0,0
2015/1/6,1152.0,0.0,0.0,2543.0,0,0
2015/1/7,1169.0,0.0,0.0,2543.0,0,0
2015/1/8,1177.0,0.0,0.0,2543.0,0,0
2015/1/9,1190.0,0.0,0.0,2543.0,0,0
2015/1/12,1189.0,0.0,0.0,2543.0,0,0
2015/1/13,1192.0,0.0,0.0,2543.0,0,0
2015/1/14,1191.0,0.0,0.0,2543.0,0,0
2015/1/15,1168.0,0.0,0.0,2543.0,0,0
2015/1/16,1128.0,0.0,0.0,2543.0,0,0
2015/1/19,1031.0,1.0,-13.0,2530.0,"{'Vol': 1, 'Openpos': 1044.0, 'Type': 1, 'Time': '2015/1/19'}","{'Vol': 1, 'Closepos': 1031.0, 'Type': -1, 'Time': '2015/1/19'}"
2015/1/20,1032.0,0.0,0.0,2530.0,0,0
2015/1/21,1032.0,0.0,0.0,2530.0,0,0
2015/1/22,1047.0,-1.0,-0.0,2530.0,"{'Vol': 1, 'Openpos': 1047.0, 'Type': -1, 'Time': '2015/1/22'}","{'Vol': 1, 'Closepos': 1047.0, 'Type': 1, 'Time': '2015/1/22'}"
2015/1/23,1046.0,1.0,5.0,2535.0,"{'Vol': 1, 'Openpos': 1041.0, 'Type': 1, 'Time': '2015/1/23'}","{'Vol': 1, 'Closepos': 1046.0, 'Type': -1, 'Time': '2015/1/23'}"
2015/1/26,1035.0,0.0,0.0,2535.0,0,0
2015/1/27,1035.0,0.0,0.0,2535.0,0,0
2015/1/28,1040.0,-1.0,-0.0,2535.0,"{'Vol': 1, 'Openpos': 1040.0, 'Type': -1, 'Time': '2015/1/28'}","{'Vol': 1, 'Closepos': 1040.0, 'Type': 1, 'Time': '2015/1/28'}"
2015/1/29,1044.0,-1.0,1.0,2536.0,"{'Vol': 1, 'Openpos': 1045.0, 'Type': -1, 'Time': '2015/1/29'}","{'Vol': 1, 'Closepos': 1044.0, 'Type': 1, 'Time': '2015/1/29'}"
2015/1/30,1033.0,1.0,-1.0,2535.0,"{'Vol': 1, 'Openpos': 1034.0, 'Type': 1, 'Time': '2015/1/30'}","{'Vol': 1, 'Closepos': 1033.0, 'Type': -1, 'Time': '2015/1/30'}"
2015/2/2,1033.0,0.0,0.0,2535.0,0,0
2015/2/3,1033.0,0.0,0.0,2535.0,0,0
2015/2/4,1033.0,0.0,0.0,2535.0,0,0
2015/2/5,1033.0,0.0,0.0,2535.0,0,0
2015/2/6,1033.0,0.0,0.0,2535.0,0,0
2015/2/9,1033.0,0.0,0.0,2535.0,0,0
2015/2/10,1033.0,0.0,0.0,2535.0,0,0
2015/2/11,1033.0,0.0,0.0,2535.0,0,0
2015/2/12,1033.0,0.0,0.0,2535.0,0,0
2015/2/13,1033.0,0.0,0.0,2535.0,0,0
2015/2/16,1033.0,0.0,0.0,2535.0,0,0
2015/2/17,1033.0,0.0,0.0,2535.0,0,0
2015/2/25,1039.0,-1.0,1.0,2536.0,"{'Vol': 1, 'Openpos': 1040.0, 'Type': -1, 'Time': '2015/2/25'}","{'Vol': 1, 'Closepos': 1039.0, 'Type': 1, 'Time': '2015/2/25'}"
2015/2/26,1039.0,0.0,0.0,2536.0,0,0
2015/2/27,1039.0,0.0,0.0,2536.0,0,0
2015/3/2,1039.0,0.0,0.0,2536.0,0,0
2015/3/3,1039.0,0.0,0.0,2536.0,0,0
2015/3/4,1039.0,0.0,0.0,2536.0,0,0
2015/3/5,1039.0,0.0,0.0,2536.0,0,0
2015/3/6,1039.0,0.0,0.0,2536.0,0,0
2015/3/9,1039.0,0.0,0.0,2536.0,0,0
2015/3/10,1039.0,0.0,0.0,2536.0,0,0
2015/3/11,1039.0,0.0,0.0,2536.0,0,0
2015/3/12,1039.0,0.0,0.0,2536.0,0,0
2015/3/13,1039.0,0.0,0.0,2536.0,0,0
2015/3/16,1039.0,0.0,0.0,2536.0,0,0
2015/3/17,1039.0,0.0,0.0,2536.0,0,0
2015/3/18,1039.0,0.0,0.0,2536.0,0,0
2015/3/19,1039.0,0.0,0.0,2536.0,0,0
2015/3/20,1039.0,0.0,0.0,2536.0,0,0
2015/3/23,1039.0,0.0,0.0,2536.0,0,0
2015/3/24,1039.0,0.0,0.0,2536.0,0,0
2015/3/25,1039.0,0.0,0.0,2536.0,0,0
2015/3/26,1039.0,0.0,0.0,2536.0,0,0
2015/3/27,1039.0,0.0,0.0,2536.0,0,0
2015/3/30,1039.0,0.0,0.0,2536.0,0,0
2015/3/31,1039.0,0.0,0.0,2536.0,0,0
2015/4/1,1039.0,0.0,0.0,2536.0,0,0
2015/4/2,1039.0,0.0,0.0,2536.0,0,0
2015/4/3,1039.0,0.0,0.0,2536.0,0,0
2015/4/7,1039.0,0.0,0.0,2536.0,0,0
2015/4/8,1039.0,0.0,0.0,2536.0,0,0
2015/4/9,1039.0,0.0,0.0,2536.0,0,0
2015/4/10,1039.0,0.0,0.0,2536.0,0,0
2015/4/13,1039.0,0.0,0.0,2536.0,0,0
2015/4/14,1039.0,0.0,0.0,2536.0,0,0
2015/4/15,1039.0,0.0,0.0,2536.0,0,0
2015/4/16,899.0,1.0,5.0,2541.0,"{'Vol': 1, 'Openpos': 894.0, 'Type': 1, 'Time': '2015/4/16'}","{'Vol': 1, 'Closepos': 899.0, 'Type': -1, 'Time': '2015/4/16'}"
2015/4/17,893.0,0.0,0.0,2541.0,0,0
2015/4/20,889.0,0.0,0.0,2541.0,0,0
2015/4/21,889.0,0.0,0.0,2541.0,0,0
2015/4/22,891.0,0.0,0.0,2541.0,0,0
2015/4/23,888.5,0.0,0.0,2541.0,0,0
2015/4/24,898.0,0.0,0.0,2541.0,0,0
2015/4/27,901.5,0.0,0.0,2541.0,0,0
2015/4/28,889.0,0.0,0.0,2541.0,0,0
2015/4/29,887.0,0.0,0.0,2541.0,0,0
2015/4/30,853.5,0.0,0.0,2541.0,0,0
2015/5/4,817.0,1.0,0.0,2541.0,"{'Vol': 1, 'Openpos': 817.0, 'Type': 1, 'Time': '2015/5/4'}","{'Vol': 1, 'Closepos': 817.0, 'Type': -1, 'Time': '2015/5/4'}"
2015/5/5,819.0,1.0,38.0,2579.0,"{'Vol': 1, 'Openpos': 781.0, 'Type': 1, 'Time': '2015/5/5'}","{'Vol': 1, 'Closepos': 819.0, 'Type': -1, 'Time': '2015/5/5'}"
2015/5/6,842.0,0.0,0.0,2579.0,0,0
2015/5/7,838.0,0.0,0.0,2579.0,0,0
2015/5/8,820.0,0.0,0.0,2579.0,0,0
2015/5/11,820.0,0.0,0.0,2579.0,0,0
2015/5/12,800.5,1.0,-0.5,2578.5,"{'Vol': 1, 'Openpos': 801.0, 'Type': 1, 'Time': '2015/5/12'}","{'Vol': 1, 'Closepos': 800.5, 'Type': -1, 'Time': '2015/5/12'}"
2015/5/13,801.0,0.0,0.0,2578.5,0,0
2015/5/14,801.0,0.0,0.0,2578.5,0,0
2015/5/15,835.0,-1.0,-0.0,2578.5,"{'Vol': 1, 'Openpos': 835.0, 'Type': -1, 'Time': '2015/5/15'}","{'Vol': 1, 'Closepos': 835.0, 'Type': 1, 'Time': '2015/5/15'}"
2015/5/18,835.0,0.0,0.0,2578.5,0,0
2015/5/19,835.0,0.0,0.0,2578.5,0,0
2015/5/20,835.0,0.0,0.0,2578.5,0,0
2015/5/21,872.0,-1.0,-6.0,2572.5,"{'Vol': 1, 'Openpos': 866.0, 'Type': -1, 'Time': '2015/5/21'}","{'Vol': 1, 'Closepos': 872.0, 'Type': 1, 'Time': '2015/5/21'}"
2015/5/22,872.0,0.0,0.0,2572.5,0,0
2015/5/25,872.0,0.0,0.0,2572.5,0,0
2015/5/26,861.0,1.0,3.0,2575.5,"{'Vol': 1, 'Openpos': 858.0, 'Type': 1, 'Time': '2015/5/26'}","{'Vol': 1, 'Closepos': 861.0, 'Type': -1, 'Time': '2015/5/26'}"
2015/5/27,866.0,-1.0,-0.0,2575.5,"{'Vol': 1, 'Openpos': 866.0, 'Type': -1, 'Time': '2015/5/27'}","{'Vol': 1, 'Closepos': 866.0, 'Type': 1, 'Time': '2015/5/27'}"
2015/5/28,866.0,0.0,0.0,2575.5,0,0
2015/5/29,831.5,1.0,-3.5,2572.0,"{'Vol': 1, 'Openpos': 835.0, 'Type': 1, 'Time': '2015/5/29'}","{'Vol': 1, 'Closepos': 831.5, 'Type': -1, 'Time': '2015/5/29'}"
2015/6/1,831.5,0.0,0.0,2572.0,0,0
2015/6/2,831.5,0.0,0.0,2572.0,0,0
2015/6/3,831.5,0.0,0.0,2572.0,0,0
2015/6/4,831.5,0.0,0.0,2572.0,0,0
2015/6/5,831.5,0.0,0.0,2572.0,0,0
2015/6/8,831.5,0.0,0.0,2572.0,0,0
2015/6/9,831.5,0.0,0.0,2572.0,0,0
2015/6/10,831.5,0.0,0.0,2572.0,0,0
2015/6/11,831.5,0.0,0.0,2572.0,0,0
2015/6/12,831.5,0.0,0.0,2572.0,0,0
2015/6/15,823.5,1.0,0.0,2572.0,"{'Vol': 1, 'Openpos': 823.5, 'Type': 1, 'Time': '2015/6/15'}","{'Vol': 1, 'Closepos': 823.5, 'Type': -1, 'Time': '2015/6/15'}"
2015/6/16,823.5,0.0,0.0,2572.0,0,0
2015/6/17,823.5,0.0,0.0,2572.0,0,0
2015/6/18,823.5,0.0,0.0,2572.0,0,0
2015/6/19,823.5,0.0,0.0,2572.0,0,0
2015/6/23,823.5,0.0,0.0,2572.0,0,0
2015/6/24,823.5,0.0,0.0,2572.0,0,0
2015/6/25,823.5,0.0,0.0,2572.0,0,0
2015/6/26,823.5,0.0,0.0,2572.0,0,0
2015/6/29,791.0,1.0,0.0,2572.0,"{'Vol': 1, 'Openpos': 791.0, 'Type': 1, 'Time': '2015/6/29'}","{'Vol': 1, 'Closepos': 791.0, 'Type': -1, 'Time': '2015/6/29'}"
2015/6/30,750.0,1.0,6.0,2578.0,"{'Vol': 1, 'Openpos': 744.0, 'Type': 1, 'Time': '2015/6/30'}","{'Vol': 1, 'Closepos': 750.0, 'Type': -1, 'Time': '2015/6/30'}"
2015/7/1,789.0,-1.0,-0.0,2578.0,"{'Vol': 1, 'Openpos': 789.0, 'Type': -1, 'Time': '2015/7/1'}","{'Vol': 1, 'Closepos': 789.0, 'Type': 1, 'Time': '2015/7/1'}"
2015/7/2,789.0,0.0,0.0,2578.0,0,0
2015/7/3,789.0,0.0,0.0,2578.0,0,0
2015/7/6,789.0,0.0,0.0,2578.0,0,0
2015/7/7,780.0,1.0,0.0,2578.0,"{'Vol': 1, 'Openpos': 780.0, 'Type': 1, 'Time': '2015/7/7'}","{'Vol': 1, 'Closepos': 780.0, 'Type': -1, 'Time': '2015/7/7'}"
2015/7/8,780.0,0.0,0.0,2578.0,0,0
2015/7/9,780.0,0.0,0.0,2578.0,0,0
2015/7/10,780.0,0.0,0.0,2578.0,0,0
2015/7/13,780.0,0.0,0.0,2578.0,0,0
2015/7/14,780.0,0.0,0.0,2578.0,0,0
2015/7/15,780.0,0.0,0.0,2578.0,0,0
2015/7/16,779.5,-1.0,2.0,2580.0,"{'Vol': 1, 'Openpos': 781.5, 'Type': -1, 'Time': '2015/7/16'}","{'Vol': 1, 'Closepos': 779.5, 'Type': 1, 'Time': '2015/7/16'}"
2015/7/17,749.5,1.0,0.0,2580.0,"{'Vol': 1, 'Openpos': 749.5, 'Type': 1, 'Time': '2015/7/17'}","{'Vol': 1, 'Closepos': 749.5, 'Type': -1, 'Time': '2015/7/17'}"
2015/7/20,722.0,1.0,0.0,2580.0,"{'Vol': 1, 'Openpos': 722.0, 'Type': 1, 'Time': '2015/7/20'}","{'Vol': 1, 'Closepos': 722.0, 'Type': -1, 'Time': '2015/7/20'}"
2015/7/21,722.0,0.0,0.0,2580.0,0,0
2015/7/22,722.0,0.0,0.0,2580.0,0,0
2015/7/23,693.5,1.0,0.0,2580.0,"{'Vol': 1, 'Openpos': 693.5, 'Type': 1, 'Time': '2015/7/23'}","{'Vol': 1, 'Closepos': 693.5, 'Type': -1, 'Time': '2015/7/23'}"
2015/7/24,693.5,0.0,0.0,2580.0,0,0
2015/7/27,684.0,1.0,0.0,2580.0,"{'Vol': 1, 'Openpos': 684.0, 'Type': 1, 'Time': '2015/7/27'}","{'Vol': 1, 'Closepos': 684.0, 'Type': -1, 'Time': '2015/7/27'}"
2015/7/28,711.0,-1.0,-15.5,2564.5,"{'Vol': 1, 'Openpos': 695.5, 'Type': -1, 'Time': '2015/7/28'}","{'Vol': 1, 'Closepos': 711.0, 'Type': 1, 'Time': '2015/7/28'}"
2015/7/29,730.0,-1.0,5.0,2569.5,"{'Vol': 1, 'Openpos': 735.0, 'Type': -1, 'Time': '2015/7/29'}","{'Vol': 1, 'Closepos': 730.0, 'Type': 1, 'Time': '2015/7/29'}"
2015/7/30,759.0,-1.0,-2.0,2567.5,"{'Vol': 1, 'Openpos': 757.0, 'Type': -1, 'Time': '2015/7/30'}","{'Vol': 1, 'Closepos': 759.0, 'Type': 1, 'Time': '2015/7/30'}"
2015/7/31,728.0,-1.0,59.5,2627.0,"{'Vol': 1, 'Openpos': 787.5, 'Type': -1, 'Time': '2015/7/31'}","{'Vol': 1, 'Closepos': 728.0, 'Type': 1, 'Time': '2015/7/31'}"
2015/8/3,728.0,0.0,0.0,2627.0,0,0
2015/8/4,728.0,0.0,0.0,2627.0,0,0
2015/8/5,728.0,0.0,0.0,2627.0,0,0
2015/8/6,728.0,0.0,0.0,2627.0,0,0
2015/8/7,728.0,0.0,0.0,2627.0,0,0
2015/8/10,728.0,0.0,0.0,2627.0,0,0
2015/8/11,728.0,0.0,0.0,2627.0,0,0
2015/8/12,728.0,0.0,0.0,2627.0,0,0
2015/8/13,728.0,0.0,0.0,2627.0,0,0
2015/8/14,728.0,0.0,0.0,2627.0,0,0
2015/8/17,838.5,-1.0,-6.0,2621.0,"{'Vol': 1, 'Openpos': 832.5, 'Type': -1, 'Time': '2015/8/17'}","{'Vol': 1, 'Closepos': 838.5, 'Type': 1, 'Time': '2015/8/17'}"
2015/8/18,846.0,0.0,0.0,2621.0,0,0
2015/8/19,850.0,0.0,0.0,2621.0,0,0
2015/8/20,834.5,0.0,0.0,2621.0,0,0
2015/8/21,834.0,0.0,0.0,2621.0,0,0
2015/8/24,828.0,0.0,0.0,2621.0,0,0
2015/8/25,831.0,0.0,0.0,2621.0,0,0
2015/8/26,832.5,0.0,0.0,2621.0,0,0
2015/8/27,839.5,0.0,0.0,2621.0,0,0
2015/8/28,843.5,0.0,0.0,2621.0,0,0
2015/8/31,848.5,0.0,0.0,2621.0,0,0
2015/9/1,843.0,0.0,0.0,2621.0,0,0
2015/9/2,839.0,0.0,0.0,2621.0,0,0
2015/9/7,849.0,1.0,17.0,2638.0,"{'Vol': 1, 'Openpos': 832.0, 'Type': 1, 'Time': '2015/9/7'}","{'Vol': 1, 'Closepos': 849.0, 'Type': -1, 'Time': '2015/9/7'}"
2015/9/8,851.0,1.0,31.0,2669.0,"{'Vol': 1, 'Openpos': 820.0, 'Type': 1, 'Time': '2015/9/8'}","{'Vol': 1, 'Closepos': 851.0, 'Type': -1, 'Time': '2015/9/8'}"
2015/9/9,850.0,0.0,0.0,2669.0,0,0
2015/9/10,832.0,0.0,0.0,2669.0,0,0
2015/9/11,841.0,0.0,0.0,2669.0,0,0
2015/9/14,841.0,0.0,0.0,2669.0,0,0
2015/9/15,841.0,-1.0,3.0,2672.0,"{'Vol': 1, 'Openpos': 844.0, 'Type': -1, 'Time': '2015/9/15'}","{'Vol': 1, 'Closepos': 841.0, 'Type': 1, 'Time': '2015/9/15'}"
2015/9/16,841.0,1.0,50.5,2722.5,"{'Vol': 1, 'Openpos': 790.5, 'Type': 1, 'Time': '2015/9/16'}","{'Vol': 1, 'Closepos': 841.0, 'Type': -1, 'Time': '2015/9/16'}"
2015/9/17,841.0,0.0,0.0,2722.5,0,0
2015/9/18,841.0,0.0,0.0,2722.5,0,0
2015/9/21,841.0,0.0,0.0,2722.5,0,0
2015/9/22,841.0,0.0,0.0,2722.5,0,0
2015/9/23,841.0,0.0,0.0,2722.5,0,0
2015/9/24,841.0,0.0,0.0,2722.5,0,0
2015/9/25,841.0,0.0,0.0,2722.5,0,0
2015/9/28,841.0,0.0,0.0,2722.5,0,0
2015/9/29,841.0,0.0,0.0,2722.5,0,0
2015/9/30,765.0,1.0,0.0,2722.5,"{'Vol': 1, 'Openpos': 765.0, 'Type': 1, 'Time': '2015/9/30'}","{'Vol': 1, 'Closepos': 765.0, 'Type': -1, 'Time': '2015/9/30'}"
2015/10/8,765.0,0.0,0.0,2722.5,0,0
2015/10/9,765.0,0.0,0.0,2722.5,0,0
2015/10/12,765.0,0.0,0.0,2722.5,0,0
2015/10/13,765.0,0.0,0.0,2722.5,0,0
2015/10/14,765.0,0.0,0.0,2722.5,0,0
2015/10/15,765.0,0.0,0.0,2722.5,0,0
2015/10/16,765.0,0.0,0.0,2722.5,0,0
2015/10/19,765.0,0.0,0.0,2722.5,0,0
2015/10/20,765.0,0.0,0.0,2722.5,0,0
2015/10/21,765.0,0.0,0.0,2722.5,0,0
2015/10/22,744.0,1.0,0.0,2722.5,"{'Vol': 1, 'Openpos': 744.0, 'Type': 1, 'Time': '2015/10/22'}","{'Vol': 1, 'Closepos': 744.0, 'Type': -1, 'Time': '2015/10/22'}"
2015/10/23,744.0,0.0,0.0,2722.5,0,0
2015/10/26,714.5,1.0,0.0,2722.5,"{'Vol': 1, 'Openpos': 714.5, 'Type': 1, 'Time': '2015/10/26'}","{'Vol': 1, 'Closepos': 714.5, 'Type': -1, 'Time': '2015/10/26'}"
2015/10/27,714.5,0.0,0.0,2722.5,0,0
2015/10/28,714.5,0.0,0.0,2722.5,0,0
2015/10/29,714.5,0.0,0.0,2722.5,0,0
2015/10/30,714.5,0.0,0.0,2722.5,0,0
2015/11/2,714.5,0.0,0.0,2722.5,0,0
2015/11/3,714.5,0.0,0.0,2722.5,0,0
2015/11/4,714.5,0.0,0.0,2722.5,0,0
2015/11/5,714.5,0.0,0.0,2722.5,0,0
2015/11/6,714.5,0.0,0.0,2722.5,0,0
2015/11/9,714.5,0.0,0.0,2722.5,0,0
2015/11/10,714.5,0.0,0.0,2722.5,0,0
2015/11/11,714.5,0.0,0.0,2722.5,0,0
2015/11/12,714.5,0.0,0.0,2722.5,0,0
2015/11/13,714.5,0.0,0.0,2722.5,0,0
2015/11/16,714.5,0.0,0.0,2722.5,0,0
2015/11/17,714.5,0.0,0.0,2722.5,0,0
2015/11/18,714.5,0.0,0.0,2722.5,0,0
2015/11/19,714.5,0.0,0.0,2722.5,0,0
2015/11/20,714.5,0.0,0.0,2722.5,0,0
2015/11/23,714.5,0.0,0.0,2722.5,0,0
2015/11/24,714.5,0.0,0.0,2722.5,0,0
2015/11/25,714.5,0.0,0.0,2722.5,0,0
2015/11/26,714.5,0.0,0.0,2722.5,0,0
2015/11/27,714.5,0.0,0.0,2722.5,0,0
2015/11/30,714.5,0.0,0.0,2722.5,0,0
2015/12/1,714.5,0.0,0.0,2722.5,0,0
2015/12/2,714.5,0.0,0.0,2722.5,0,0
2015/12/3,714.5,0.0,0.0,2722.5,0,0
2015/12/4,714.5,0.0,0.0,2722.5,0,0
2015/12/7,714.5,0.0,0.0,2722.5,0,0
2015/12/8,714.5,0.0,0.0,2722.5,0,0
2015/12/9,714.5,0.0,0.0,2722.5,0,0
2015/12/10,714.5,0.0,0.0,2722.5,0,0
2015/12/11,714.5,0.0,0.0,2722.5,0,0
2015/12/14,714.5,0.0,0.0,2722.5,0,0
2015/12/15,695.0,1.0,-3.0,2719.5,"{'Vol': 1, 'Openpos': 698.0, 'Type': 1, 'Time': '2015/12/15'}","{'Vol': 1, 'Closepos': 695.0, 'Type': -1, 'Time': '2015/12/15'}"
2015/12/16,695.5,0.0,0.0,2719.5,0,0
2015/12/17,694.5,0.0,0.0,2719.5,0,0
2015/12/18,697.0,0.0,0.0,2719.5,0,0
2015/12/21,696.0,0.0,0.0,2719.5,0,0
2015/12/22,695.0,0.0,0.0,2719.5,0,0
2015/12/23,692.0,0.0,0.0,2719.5,0,0
2015/12/24,689.0,1.0,-2.0,2717.5,"{'Vol': 1, 'Openpos': 691.0, 'Type': 1, 'Time': '2015/12/24'}","{'Vol': 1, 'Closepos': 689.0, 'Type': -1, 'Time': '2015/12/24'}"
2015/12/25,686.5,0.0,0.0,2717.5,0,0
2015/12/28,689.0,0.0,0.0,2717.5,0,0
2015/12/29,679.5,0.0,0.0,2717.5,0,0
2015/12/30,673.5,0.0,0.0,2717.5,0,0
2015/12/31,690.0,0.0,0.0,2717.5,0,0
2016/1/4,705.0,-1.0,-7.0,2710.5,"{'Vol': 1, 'Openpos': 698.0, 'Type': -1, 'Time': '2016/1/4'}","{'Vol': 1, 'Closepos': 705.0, 'Type': 1, 'Time': '2016/1/4'}"
2016/1/5,715.0,-1.0,-5.0,2705.5,"{'Vol': 1, 'Openpos': 710.0, 'Type': -1, 'Time': '2016/1/5'}","{'Vol': 1, 'Closepos': 715.0, 'Type': 1, 'Time': '2016/1/5'}"
2016/1/6,715.0,0.0,0.0,2705.5,0,0
2016/1/7,686.0,1.0,0.0,2705.5,"{'Vol': 1, 'Openpos': 686.0, 'Type': 1, 'Time': '2016/1/7'}","{'Vol': 1, 'Closepos': 686.0, 'Type': -1, 'Time': '2016/1/7'}"
2016/1/8,680.0,1.0,-1.0,2704.5,"{'Vol': 1, 'Openpos': 681.0, 'Type': 1, 'Time': '2016/1/8'}","{'Vol': 1, 'Closepos': 680.0, 'Type': -1, 'Time': '2016/1/8'}"
2016/1/11,694.0,-1.0,-0.0,2704.5,"{'Vol': 1, 'Openpos': 694.0, 'Type': -1, 'Time': '2016/1/11'}","{'Vol': 1, 'Closepos': 694.0, 'Type': 1, 'Time': '2016/1/11'}"
2016/1/12,720.0,-1.0,-0.5,2704.0,"{'Vol': 1, 'Openpos': 719.5, 'Type': -1, 'Time': '2016/1/12'}","{'Vol': 1, 'Closepos': 720.0, 'Type': 1, 'Time': '2016/1/12'}"
2016/1/13,720.0,0.0,0.0,2704.0,0,0
2016/1/14,740.0,-1.0,10.0,2714.0,"{'Vol': 1, 'Openpos': 750.0, 'Type': -1, 'Time': '2016/1/14'}","{'Vol': 1, 'Closepos': 740.0, 'Type': 1, 'Time': '2016/1/14'}"
2016/1/15,702.0,1.0,-28.0,2686.0,"{'Vol': 1, 'Openpos': 730.0, 'Type': 1, 'Time': '2016/1/15'}","{'Vol': 1, 'Closepos': 702.0, 'Type': -1, 'Time': '2016/1/15'}"
2016/1/18,702.0,0.0,0.0,2686.0,0,0
2016/1/19,702.0,0.0,0.0,2686.0,0,0
2016/1/20,702.0,0.0,0.0,2686.0,0,0
2016/1/21,702.0,0.0,0.0,2686.0,0,0
2016/1/22,702.0,0.0,0.0,2686.0,0,0
2016/1/25,641.0,1.0,0.0,2686.0,"{'Vol': 1, 'Openpos': 641.0, 'Type': 1, 'Time': '2016/1/25'}","{'Vol': 1, 'Closepos': 641.0, 'Type': -1, 'Time': '2016/1/25'}"
2016/1/26,635.5,1.0,0.0,2686.0,"{'Vol': 1, 'Openpos': 635.5, 'Type': 1, 'Time': '2016/1/26'}","{'Vol': 1, 'Closepos': 635.5, 'Type': -1, 'Time': '2016/1/26'}"
2016/1/27,635.5,0.0,0.0,2686.0,0,0
2016/1/28,635.5,0.0,0.0,2686.0,0,0
2016/1/29,635.0,1.0,21.0,2707.0,"{'Vol': 1, 'Openpos': 614.0, 'Type': 1, 'Time': '2016/1/29'}","{'Vol': 1, 'Closepos': 635.0, 'Type': -1, 'Time': '2016/1/29'}"
2016/2/1,658.0,-1.0,-0.0,2707.0,"{'Vol': 1, 'Openpos': 658.0, 'Type': -1, 'Time': '2016/2/1'}","{'Vol': 1, 'Closepos': 658.0, 'Type': 1, 'Time': '2016/2/1'}"
2016/2/2,658.0,0.0,0.0,2707.0,0,0
2016/2/3,658.0,0.0,0.0,2707.0,0,0
2016/2/4,665.0,-1.0,-0.0,2707.0,"{'Vol': 1, 'Openpos': 665.0, 'Type': -1, 'Time': '2016/2/4'}","{'Vol': 1, 'Closepos': 665.0, 'Type': 1, 'Time': '2016/2/4'}"
2016/2/5,665.0,0.0,0.0,2707.0,0,0
2016/2/15,665.0,0.0,0.0,2707.0,0,0
2016/2/16,665.0,0.0,0.0,2707.0,0,0
2016/2/17,665.0,0.0,0.0,2707.0,0,0
2016/2/18,665.0,0.0,0.0,2707.0,0,0
2016/2/19,665.0,0.0,0.0,2707.0,0,0
2016/2/22,665.0,0.0,0.0,2707.0,0,0
2016/2/23,665.0,0.0,0.0,2707.0,0,0
2016/2/24,665.0,0.0,0.0,2707.0,0,0
2016/2/25,665.0,0.0,0.0,2707.0,0,0
2016/2/26,665.0,0.0,0.0,2707.0,0,0
2016/2/29,665.0,0.0,0.0,2707.0,0,0
2016/3/1,665.0,0.0,0.0,2707.0,0,0
2016/3/2,773.5,-1.0,-0.0,2707.0,"{'Vol': 1, 'Openpos': 773.5, 'Type': -1, 'Time': '2016/3/2'}","{'Vol': 1, 'Closepos': 773.5, 'Type': 1, 'Time': '2016/3/2'}"
2016/3/3,773.5,0.0,0.0,2707.0,0,0
2016/3/4,773.5,0.0,0.0,2707.0,0,0
2016/3/7,773.5,0.0,0.0,2707.0,0,0
2016/3/8,773.5,0.0,0.0,2707.0,0,0
2016/3/9,773.5,0.0,0.0,2707.0,0,0
2016/3/10,773.5,0.0,0.0,2707.0,0,0
2016/3/11,773.5,0.0,0.0,2707.0,0,0
2016/3/14,773.5,0.0,0.0,2707.0,0,0
2016/3/15,707.5,1.0,-26.5,2680.5,"{'Vol': 1, 'Openpos': 734.0, 'Type': 1, 'Time': '2016/3/15'}","{'Vol': 1, 'Closepos': 707.5, 'Type': -1, 'Time': '2016/3/15'}"
2016/3/16,707.5,0.0,0.0,2680.5,0,0
2016/3/17,720.0,-1.0,-0.0,2680.5,"{'Vol': 1, 'Openpos': 720.0, 'Type': -1, 'Time': '2016/3/17'}","{'Vol': 1, 'Closepos': 720.0, 'Type': 1, 'Time': '2016/3/17'}"
2016/3/18,746.0,-1.0,0.5,2681.0,"{'Vol': 1, 'Openpos': 746.5, 'Type': -1, 'Time': '2016/3/18'}","{'Vol': 1, 'Closepos': 746.0, 'Type': 1, 'Time': '2016/3/18'}"
2016/3/21,747.0,-1.0,6.0,2687.0,"{'Vol': 1, 'Openpos': 753.0, 'Type': -1, 'Time': '2016/3/21'}","{'Vol': 1, 'Closepos': 747.0, 'Type': 1, 'Time': '2016/3/21'}"
2016/3/22,747.0,0.0,0.0,2687.0,0,0
2016/3/23,744.0,-1.0,29.5,2716.5,"{'Vol': 1, 'Openpos': 773.5, 'Type': -1, 'Time': '2016/3/23'}","{'Vol': 1, 'Closepos': 744.0, 'Type': 1, 'Time': '2016/3/23'}"
2016/3/24,744.0,0.0,0.0,2716.5,0,0
2016/3/25,744.0,0.0,0.0,2716.5,0,0
2016/3/28,744.0,0.0,0.0,2716.5,0,0
2016/3/29,727.0,1.0,0.0,2716.5,"{'Vol': 1, 'Openpos': 727.0, 'Type': 1, 'Time': '2016/3/29'}","{'Vol': 1, 'Closepos': 727.0, 'Type': -1, 'Time': '2016/3/29'}"
2016/3/30,741.5,-1.0,-0.5,2716.0,"{'Vol': 1, 'Openpos': 741.0, 'Type': -1, 'Time': '2016/3/30'}","{'Vol': 1, 'Closepos': 741.5, 'Type': 1, 'Time': '2016/3/30'}"
2016/3/31,711.5,1.0,-0.5,2715.5,"{'Vol': 1, 'Openpos': 712.0, 'Type': 1, 'Time': '2016/3/31'}","{'Vol': 1, 'Closepos': 711.5, 'Type': -1, 'Time': '2016/3/31'}"
2016/4/1,711.5,0.0,0.0,2715.5,0,0
2016/4/5,711.5,0.0,0.0,2715.5,0,0
2016/4/6,711.5,0.0,0.0,2715.5,0,0
2016/4/7,711.5,0.0,0.0,2715.5,0,0
2016/4/8,711.5,0.0,0.0,2715.5,0,0
2016/4/11,711.5,0.0,0.0,2715.5,0,0
2016/4/12,711.5,0.0,0.0,2715.5,0,0
2016/4/13,711.5,0.0,0.0,2715.5,0,0
2016/4/14,791.0,-1.0,-0.5,2715.0,"{'Vol': 1, 'Openpos': 790.5, 'Type': -1, 'Time': '2016/4/14'}","{'Vol': 1, 'Closepos': 791.0, 'Type': 1, 'Time': '2016/4/14'}"
2016/4/15,769.0,1.0,24.0,2739.0,"{'Vol': 1, 'Openpos': 745.0, 'Type': 1, 'Time': '2016/4/15'}","{'Vol': 1, 'Closepos': 769.0, 'Type': -1, 'Time': '2016/4/15'}"
2016/4/18,863.0,-1.0,-47.5,2691.5,"{'Vol': 1, 'Openpos': 815.5, 'Type': -1, 'Time': '2016/4/18'}","{'Vol': 1, 'Closepos': 863.0, 'Type': 1, 'Time': '2016/4/18'}"
2016/4/19,890.5,-1.0,-20.5,2671.0,"{'Vol': 1, 'Openpos': 870.0, 'Type': -1, 'Time': '2016/4/19'}","{'Vol': 1, 'Closepos': 890.5, 'Type': 1, 'Time': '2016/4/19'}"
2016/4/20,937.5,-1.0,-37.5,2633.5,"{'Vol': 1, 'Openpos': 900.0, 'Type': -1, 'Time': '2016/4/20'}","{'Vol': 1, 'Closepos': 937.5, 'Type': 1, 'Time': '2016/4/20'}"
2016/4/21,985.0,-1.0,-32.0,2601.5,"{'Vol': 1, 'Openpos': 953.0, 'Type': -1, 'Time': '2016/4/21'}","{'Vol': 1, 'Closepos': 985.0, 'Type': 1, 'Time': '2016/4/21'}"
2016/4/22,1007.5,0.0,0.0,2601.5,0,0
2016/4/25,1046.5,1.0,94.5,2696.0,"{'Vol': 1, 'Openpos': 952.0, 'Type': 1, 'Time': '2016/4/25'}","{'Vol': 1, 'Closepos': 1046.5, 'Type': -1, 'Time': '2016/4/25'}"
2016/4/26,1025.0,0.0,0.0,2696.0,0,0
2016/4/27,994.5,0.0,0.0,2696.0,0,0
2016/4/28,980.0,0.0,0.0,2696.0,0,0
2016/4/29,1027.5,0.0,0.0,2696.0,0,0
2016/5/3,1000.5,1.0,38.5,2734.5,"{'Vol': 1, 'Openpos': 962.0, 'Type': 1, 'Time': '2016/5/3'}","{'Vol': 1, 'Closepos': 1000.5, 'Type': -1, 'Time': '2016/5/3'}"
2016/5/4,1004.5,0.0,0.0,2734.5,0,0
2016/5/5,1005.0,-1.0,17.0,2751.5,"{'Vol': 1, 'Openpos': 1022.0, 'Type': -1, 'Time': '2016/5/5'}","{'Vol': 1, 'Closepos': 1005.0, 'Type': 1, 'Time': '2016/5/5'}"
2016/5/6,1004.0,1.0,4.0,2755.5,"{'Vol': 1, 'Openpos': 1000.0, 'Type': 1, 'Time': '2016/5/6'}","{'Vol': 1, 'Closepos': 1004.0, 'Type': -1, 'Time': '2016/5/6'}"
2016/5/9,1018.0,0.0,0.0,2755.5,0,0
2016/5/10,1089.5,0.0,0.0,2755.5,0,0
2016/5/11,1005.0,0.0,0.0,2755.5,0,0
2016/5/12,970.0,0.0,0.0,2755.5,0,0
2016/5/13,950.0,1.0,0.0,2755.5,"{'Vol': 1, 'Openpos': 950.0, 'Type': 1, 'Time': '2016/5/13'}","{'Vol': 1, 'Closepos': 950.0, 'Type': -1, 'Time': '2016/5/13'}"
2016/5/16,1000.0,0.0,0.0,2755.5,0,0
2016/5/17,900.0,1.0,-9.5,2746.0,"{'Vol': 1, 'Openpos': 909.5, 'Type': 1, 'Time': '2016/5/17'}","{'Vol': 1, 'Closepos': 900.0, 'Type': -1, 'Time': '2016/5/17'}"
2016/5/18,888.0,0.0,0.0,2746.0,0,0
2016/5/19,888.0,0.0,0.0,2746.0,0,0
2016/5/20,888.0,0.0,0.0,2746.0,0,0
2016/5/23,888.0,0.0,0.0,2746.0,0,0
2016/5/24,886.0,1.0,36.0,2782.0,"{'Vol': 1, 'Openpos': 850.0, 'Type': 1, 'Time': '2016/5/24'}","{'Vol': 1, 'Closepos': 886.0, 'Type': -1, 'Time': '2016/5/24'}"
2016/5/25,887.0,0.0,0.0,2782.0,0,0
2016/5/26,887.0,0.0,0.0,2782.0,0,0
2016/5/27,887.0,0.0,0.0,2782.0,0,0
2016/5/30,870.0,1.0,0.0,2782.0,"{'Vol': 1, 'Openpos': 870.0, 'Type': 1, 'Time': '2016/5/30'}","{'Vol': 1, 'Closepos': 870.0, 'Type': -1, 'Time': '2016/5/30'}"
2016/5/31,840.5,-1.0,59.0,2841.0,"{'Vol': 1, 'Openpos': 899.5, 'Type': -1, 'Time': '2016/5/31'}","{'Vol': 1, 'Closepos': 840.5, 'Type': 1, 'Time': '2016/5/31'}"
2016/6/1,840.5,0.0,0.0,2841.0,0,0
2016/6/2,840.5,0.0,0.0,2841.0,0,0
2016/6/3,840.5,0.0,0.0,2841.0,0,0
2016/6/6,860.0,-1.0,-0.0,2841.0,"{'Vol': 1, 'Openpos': 860.0, 'Type': -1, 'Time': '2016/6/6'}","{'Vol': 1, 'Closepos': 860.0, 'Type': 1, 'Time': '2016/6/6'}"
2016/6/7,885.5,-1.0,-0.0,2841.0,"{'Vol': 1, 'Openpos': 885.5, 'Type': -1, 'Time': '2016/6/7'}","{'Vol': 1, 'Closepos': 885.5, 'Type': 1, 'Time': '2016/6/7'}"
2016/6/8,885.5,0.0,0.0,2841.0,0,0
2016/6/13,885.5,0.0,0.0,2841.0,0,0
2016/6/14,885.5,0.0,0.0,2841.0,0,0
2016/6/15,885.5,0.0,0.0,2841.0,0,0
2016/6/16,862.0,1.0,0.0,2841.0,"{'Vol': 1, 'Openpos': 862.0, 'Type': 1, 'Time': '2016/6/16'}","{'Vol': 1, 'Closepos': 862.0, 'Type': -1, 'Time': '2016/6/16'}"
2016/6/17,828.0,1.0,0.0,2841.0,"{'Vol': 1, 'Openpos': 828.0, 'Type': 1, 'Time': '2016/6/17'}","{'Vol': 1, 'Closepos': 828.0, 'Type': -1, 'Time': '2016/6/17'}"
2016/6/20,828.0,0.0,0.0,2841.0,0,0
2016/6/21,828.0,0.0,0.0,2841.0,0,0
2016/6/22,871.0,-1.0,-0.0,2841.0,"{'Vol': 1, 'Openpos': 871.0, 'Type': -1, 'Time': '2016/6/22'}","{'Vol': 1, 'Closepos': 871.0, 'Type': 1, 'Time': '2016/6/22'}"
2016/6/23,871.0,0.0,0.0,2841.0,0,0
2016/6/24,871.0,0.0,0.0,2841.0,0,0
2016/6/27,871.0,0.0,0.0,2841.0,0,0
2016/6/28,871.0,0.0,0.0,2841.0,0,0
2016/6/29,871.0,0.0,0.0,2841.0,0,0
2016/6/30,871.0,0.0,0.0,2841.0,0,0
2016/7/1,871.0,0.0,0.0,2841.0,0,0
2016/7/4,871.0,0.0,0.0,2841.0,0,0
2016/7/5,871.0,0.0,0.0,2841.0,0,0
2016/7/6,871.0,0.0,0.0,2841.0,0,0
2016/7/7,871.0,0.0,0.0,2841.0,0,0
2016/7/8,871.0,0.0,0.0,2841.0,0,0
2016/7/11,871.0,0.0,0.0,2841.0,0,0
2016/7/12,871.0,0.0,0.0,2841.0,0,0
2016/7/13,871.0,0.0,0.0,2841.0,0,0
2016/7/14,871.0,0.0,0.0,2841.0,0,0
2016/7/15,968.5,-1.0,45.5,2886.5,"{'Vol': 1, 'Openpos': 1014.0, 'Type': -1, 'Time': '2016/7/15'}","{'Vol': 1, 'Closepos': 968.5, 'Type': 1, 'Time': '2016/7/15'}"
2016/7/18,955.0,1.0,21.5,2908.0,"{'Vol': 1, 'Openpos': 933.5, 'Type': 1, 'Time': '2016/7/18'}","{'Vol': 1, 'Closepos': 955.0, 'Type': -1, 'Time': '2016/7/18'}"
2016/7/19,940.0,0.0,0.0,2908.0,0,0
2016/7/20,940.0,0.0,0.0,2908.0,0,0
2016/7/21,1005.5,-1.0,-0.0,2908.0,"{'Vol': 1, 'Openpos': 1005.5, 'Type': -1, 'Time': '2016/7/21'}","{'Vol': 1, 'Closepos': 1005.5, 'Type': 1, 'Time': '2016/7/21'}"
2016/7/22,1017.0,-1.0,-0.0,2908.0,"{'Vol': 1, 'Openpos': 1017.0, 'Type': -1, 'Time': '2016/7/22'}","{'Vol': 1, 'Closepos': 1017.0, 'Type': 1, 'Time': '2016/7/22'}"
2016/7/25,1050.0,-1.0,19.0,2927.0,"{'Vol': 1, 'Openpos': 1069.0, 'Type': -1, 'Time': '2016/7/25'}","{'Vol': 1, 'Closepos': 1050.0, 'Type': 1, 'Time': '2016/7/25'}"
2016/7/26,1050.0,0.0,0.0,2927.0,0,0
2016/7/27,1050.0,0.0,0.0,2927.0,0,0
2016/7/28,1050.0,0.0,0.0,2927.0,0,0
2016/7/29,1050.0,0.0,0.0,2927.0,0,0
2016/8/1,1050.0,0.0,0.0,2927.0,0,0
2016/8/2,1050.0,0.0,0.0,2927.0,0,0
2016/8/3,1050.0,0.0,0.0,2927.0,0,0
2016/8/4,1050.0,0.0,0.0,2927.0,0,0
2016/8/5,1050.0,0.0,0.0,2927.0,0,0
2016/8/8,1050.0,0.0,0.0,2927.0,0,0
2016/8/9,1178.0,-1.0,-77.0,2850.0,"{'Vol': 1, 'Openpos': 1101.0, 'Type': -1, 'Time': '2016/8/9'}","{'Vol': 1, 'Closepos': 1178.0, 'Type': 1, 'Time': '2016/8/9'}"
2016/8/10,1232.5,-1.0,-1.0,2849.0,"{'Vol': 1, 'Openpos': 1231.5, 'Type': -1, 'Time': '2016/8/10'}","{'Vol': 1, 'Closepos': 1232.5, 'Type': 1, 'Time': '2016/8/10'}"
2016/8/11,1232.5,0.0,0.0,2849.0,0,0
2016/8/12,1210.0,1.0,0.0,2849.0,"{'Vol': 1, 'Openpos': 1210.0, 'Type': 1, 'Time': '2016/8/12'}","{'Vol': 1, 'Closepos': 1210.0, 'Type': -1, 'Time': '2016/8/12'}"
2016/8/15,1211.0,-1.0,29.0,2878.0,"{'Vol': 1, 'Openpos': 1240.0, 'Type': -1, 'Time': '2016/8/15'}","{'Vol': 1, 'Closepos': 1211.0, 'Type': 1, 'Time': '2016/8/15'}"
2016/8/16,1261.0,0.0,0.0,2878.0,0,0
2016/8/17,1247.5,0.0,0.0,2878.0,0,0
2016/8/18,1256.0,0.0,0.0,2878.0,0,0
2016/8/19,1255.5,0.0,0.0,2878.0,0,0
2016/8/22,1269.5,0.0,0.0,2878.0,0,0
2016/8/23,1281.5,0.0,0.0,2878.0,0,0
2016/8/24,1299.5,0.0,0.0,2878.0,0,0
2016/8/25,1324.0,0.0,0.0,2878.0,0,0
2016/8/26,1306.0,0.0,0.0,2878.0,0,0
2016/8/29,1333.0,0.0,0.0,2878.0,0,0
2016/8/30,1356.0,0.0,0.0,2878.0,0,0
2016/8/31,1343.0,0.0,0.0,2878.0,0,0
2016/9/1,1333.5,0.0,0.0,2878.0,0,0
2016/9/2,1340.0,0.0,0.0,2878.0,0,0
2016/9/5,1399.0,0.0,0.0,2878.0,0,0
2016/9/6,1374.5,-1.0,43.5,2921.5,"{'Vol': 1, 'Openpos': 1418.0, 'Type': -1, 'Time': '2016/9/6'}","{'Vol': 1, 'Closepos': 1374.5, 'Type': 1, 'Time': '2016/9/6'}"
2016/9/7,1380.0,0.0,0.0,2921.5,0,0
2016/9/8,1375.0,-1.0,25.0,2946.5,"{'Vol': 1, 'Openpos': 1400.0, 'Type': -1, 'Time': '2016/9/8'}","{'Vol': 1, 'Closepos': 1375.0, 'Type': 1, 'Time': '2016/9/8'}"
2016/9/9,1370.5,0.0,0.0,2946.5,0,0
2016/9/12,1373.0,0.0,0.0,2946.5,0,0
2016/9/13,1398.0,0.0,0.0,2946.5,0,0
2016/9/14,1350.0,0.0,0.0,2946.5,0,0
2016/9/19,1350.0,0.0,0.0,2946.5,0,0
2016/9/20,1211.0,1.0,0.5,2947.0,"{'Vol': 1, 'Openpos': 1210.5, 'Type': 1, 'Time': '2016/9/20'}","{'Vol': 1, 'Closepos': 1211.0, 'Type': -1, 'Time': '2016/9/20'}"
2016/9/21,1211.0,0.0,0.0,2947.0,0,0
2016/9/22,1250.0,-1.0,-0.5,2946.5,"{'Vol': 1, 'Openpos': 1249.5, 'Type': -1, 'Time': '2016/9/22'}","{'Vol': 1, 'Closepos': 1250.0, 'Type': 1, 'Time': '2016/9/22'}"
2016/9/23,1250.0,0.0,0.0,2946.5,0,0
2016/9/26,1300.0,-1.0,-20.0,2926.5,"{'Vol': 1, 'Openpos': 1280.0, 'Type': -1, 'Time': '2016/9/26'}","{'Vol': 1, 'Closepos': 1300.0, 'Type': 1, 'Time': '2016/9/26'}"
2016/9/27,1300.0,0.0,0.0,2926.5,0,0
2016/9/28,1266.0,-1.0,87.0,3013.5,"{'Vol': 1, 'Openpos': 1353.0, 'Type': -1, 'Time': '2016/9/28'}","{'Vol': 1, 'Closepos': 1266.0, 'Type': 1, 'Time': '2016/9/28'}"
2016/9/29,1350.0,-1.0,48.5,3062.0,"{'Vol': 1, 'Openpos': 1398.5, 'Type': -1, 'Time': '2016/9/29'}","{'Vol': 1, 'Closepos': 1350.0, 'Type': 1, 'Time': '2016/9/29'}"
2016/9/30,1259.0,-1.0,146.0,3208.0,"{'Vol': 1, 'Openpos': 1405.0, 'Type': -1, 'Time': '2016/9/30'}","{'Vol': 1, 'Closepos': 1259.0, 'Type': 1, 'Time': '2016/9/30'}"
2016/10/10,1364.5,0.0,0.0,3208.0,0,0
2016/10/11,1364.5,0.0,0.0,3208.0,0,0
2016/10/12,1364.5,0.0,0.0,3208.0,0,0
2016/10/13,1364.5,0.0,0.0,3208.0,0,0
2016/10/14,1364.5,0.0,0.0,3208.0,0,0
2016/10/17,1364.5,0.0,0.0,3208.0,0,0
2016/10/18,1364.5,0.0,0.0,3208.0,0,0
2016/10/19,1364.5,0.0,0.0,3208.0,0,0
2016/10/20,1364.5,0.0,0.0,3208.0,0,0
2016/10/21,1364.5,0.0,0.0,3208.0,0,0
2016/10/24,1700.0,-1.0,-0.0,3208.0,"{'Vol': 1, 'Openpos': 1700.0, 'Type': -1, 'Time': '2016/10/24'}","{'Vol': 1, 'Closepos': 1700.0, 'Type': 1, 'Time': '2016/10/24'}"
2016/10/25,1800.0,-1.0,-0.0,3208.0,"{'Vol': 1, 'Openpos': 1800.0, 'Type': -1, 'Time': '2016/10/25'}","{'Vol': 1, 'Closepos': 1800.0, 'Type': 1, 'Time': '2016/10/25'}"
2016/10/26,1800.0,0.0,0.0,3208.0,0,0
